Workbook

Sheet planilha crua
A1: id | B1: data | C1: quinz | D1: coleta | E1: hora coleta | F1: hora freezer | G1: tempo de manipulacao | H1: sexo | I1: posicao | J1: trilha | K1: idteia | L1: situacao da teia | M1: agreg | N1: parasita | O1: establimento | P1: estagio da femea | Q1: id foto | R1: comprimento corpo | S1: comprimento perna e | T1: comprimento perna d | U1: largura cefalotorax | V1: largura do abdomen | W1: observacoes | X1: obs2 | Y1: obs3
A2: f01 | B2: 45401 | C2: =INT((DATE(2000, MONTH(B2), DAY(B2)) - DATE(2000, 3, 12)) / 15) + 1 -> 3 | D2: 1 | E2: 0.58333333 | F2: 17:30-18:50 | H2: f | I2: na | J2: 1 | K2: 1 | L2: s | M2: na | N2: 0 | O2: 0 | P2: madura | Q2: 5580-5581 | R2: 2.679 | S2: 5.449 | T2: 5.518 | U2: 0.593 | V2: 0.781 | X2: Pouco gelo, caixa de isopor quente
A3: m01 | B3: 45401 | C3: =INT((DATE(2000, MONTH(B3), DAY(B3)) - DATE(2000, 3, 12)) / 15) + 1 -> 3 | D3: 1 | E3: 0.58333333 | F3: 17:30-18:50 | H3: m | I3: c | J3: 1 | K3: 1 | L3: s | M3: na | N3: 0 | O3: 0 | P3: na | Q3: 5640 | R3: 0.524 | S3: 1.633 | T3: 1.636 | U3: 0.145 | V3: 0.121 | W3: Estava na lateral da teia, mas estava se alimentando | X3: Pouco gelo, caixa de isopor quente
A4: f02 | B4: 45401 | C4: =INT((DATE(2000, MONTH(B4), DAY(B4)) - DATE(2000, 3, 12)) / 15) + 1 -> 3 | D4: 1 | E4: 0.58333333 | F4: 17:30-18:50 | H4: f | I4: na | J4: 1 | K4: 2 | L4: s | M4: na | N4: 0 | O4: 0 | P4: madura | Q4: 5574-5575 | R4: 2.291 | S4: na | T4: 5.65 | U4: 0.606 | V4: 0.498 | X4: Pouco gelo, caixa de isopor quente
A5: m02 | B5: 45401 | C5: =INT((DATE(2000, MONTH(B5), DAY(B5)) - DATE(2000, 3, 12)) / 15) + 1 -> 3 | D5: 1 | E5: 0.58333333 | F5: 17:30-18:50 | H5: m | I5: c | J5: 1 | K5: 3 | L5: a | M5: 1 | N5: 0 | O5: 0 | P5: na | Q5: 5638-5639 | R5: 0.591 | S5: 1.579 | T5: 1.824 | U5: 0.177 | V5: 0.112 | X5: Pouco gelo, caixa de isopor quente
A6: f03 | B6: 45401 | C6: =INT((DATE(2000, MONTH(B6), DAY(B6)) - DATE(2000, 3, 12)) / 15) + 1 -> 3 | D6: 1 | E6: 0.59027778 | F6: 17:30-18:50 | H6: f | I6: na | J6: 1 | K6: 3 | L6: a | M6: 1 | N6: 0 | O6: 0 | P6: madura | Q6: 5570-5571 | R6: 1.992 | S6: 5.005 | T6: 4.844 | U6: 0.493 | V6: 0.466 | X6: Pouco gelo, caixa de isopor quente
A7: f04 | B7: 45401 | C7: =INT((DATE(2000, MONTH(B7), DAY(B7)) - DATE(2000, 3, 12)) / 15) + 1 -> 3 | D7: 1 | E7: 0.59027778 | F7: 17:30-18:50 | H7: f | I7: na | J7: 1 | K7: 4 | L7: a | M7: 1 | N7: 0 | O7: 0 | P7: madura | Q7: 5468-5511 | R7: 2.078 | S7: na | T7: 4.665 | U7: 0.517 | V7: 0.55 | X7: Pouco gelo, caixa de isopor quente
A8: f05 | B8: 45401 | C8: =INT((DATE(2000, MONTH(B8), DAY(B8)) - DATE(2000, 3, 12)) / 15) + 1 -> 3 | D8: 1 | E8: 0.59027778 | F8: 17:30-18:50 | H8: f | I8: na | J8: 1 | K8: 5 | L8: a | M8: 1 | N8: 0 | O8: 0 | P8: madura | Q8: 5568-5569 | R8: 2.69 | S8: 5.435 | T8: 5.301 | U8: 0.65 | V8: 0.626 | X8: Pouco gelo, caixa de isopor quente
A9: f06 | B9: 45401 | C9: =INT((DATE(2000, MONTH(B9), DAY(B9)) - DATE(2000, 3, 12)) / 15) + 1 -> 3 | D9: 1 | E9: 0.59027778 | F9: 17:30-18:50 | H9: f | I9: na | J9: 1 | K9: 6 | L9: a | M9: 1 | N9: 0 | O9: 0 | P9: madura | Q9: 5600-5601 | R9: 2.091 | S9: 3.889 | T9: 3.883 | U9: 0.445 | V9: 0.505 | W9: Perdeu a perna durante o manejo | X9: Pouco gelo, caixa de isopor quente
A10: f07 | B10: 45401 | C10: =INT((DATE(2000, MONTH(B10), DAY(B10)) - DATE(2000, 3, 12)) / 15) + 1 -> 3 | D10: 1 | E10: 0.59027778 | F10: 17:30-18:50 | H10: f | I10: na | J10: 1 | K10: 7 | L10: a | M10: 1 | N10: 0 | O10: 2 | P10: madura | Q10: 5611-5612 | R10: 2.293 | S10: na | T10: 5.434 | U10: 0.589 | V10: 0.496 | X10: Pouco gelo, caixa de isopor quente
A11: f08 | B11: 45401 | C11: =INT((DATE(2000, MONTH(B11), DAY(B11)) - DATE(2000, 3, 12)) / 15) + 1 -> 3 | D11: 1 | E11: 0.60208333 | F11: 17:30-18:50 | H11: f | I11: na | J11: 1 | K11: 8 | L11: a | M11: 1 | N11: 0 | O11: 0 | P11: madura | Q11: 5594-5595 | R11: 2.358 | S11: 6.01 | T11: 5.839 | U11: 0.641 | V11: 0.51 | X11: Pouco gelo, caixa de isopor quente
A12: f09 | B12: 45401 | C12: =INT((DATE(2000, MONTH(B12), DAY(B12)) - DATE(2000, 3, 12)) / 15) + 1 -> 3 | D12: 1 | E12: 0.60486111 | F12: 17:30-18:50 | H12: f | I12: na | J12: 1 | K12: 9 | L12: s | M12: na | N12: 0 | O12: 0 | P12: madura | Q12: 5481-5498 | R12: 2.106 | S12: 4.866 | T12: 4.676 | U12: 0.495 | V12: 0.578 | X12: Pouco gelo, caixa de isopor quente | Y12: Trocou de pote
A13: m03 | B13: 45401 | C13: =INT((DATE(2000, MONTH(B13), DAY(B13)) - DATE(2000, 3, 12)) / 15) + 1 -> 3 | D13: 1 | E13: 0.61458333 | F13: 17:30-18:50 | H13: m | I13: c | J13: 1 | K13: 10 | L13: s | M13: na | N13: 0 | O13: 0 | P13: na | Q13: 5641 | R13: 0.557 | S13: na | T13: 1.898 | U13: 0.186 | V13: 0.109 | X13: Pouco gelo, caixa de isopor quente | Y13: sem a perna esquerda
A14: m04 | B14: 45401 | C14: =INT((DATE(2000, MONTH(B14), DAY(B14)) - DATE(2000, 3, 12)) / 15) + 1 -> 3 | D14: 1 | E14: 0.61458333 | F14: 17:30-18:50 | H14: me | I14: P | J14: 1 | K14: 10 | L14: s | M14: na | N14: 0 | O14: 0 | P14: na | Q14: na | R14: na | S14: na | T14: na | U14: na | V14: na | W14: conferir se m ou E (acho que é um ectoparasita) | X14: Pouco gelo, caixa de isopor quente
A15: f10 | B15: 45401 | C15: =INT((DATE(2000, MONTH(B15), DAY(B15)) - DATE(2000, 3, 12)) / 15) + 1 -> 3 | D15: 1 | E15: 0.61458333 | F15: 17:30-18:50 | H15: f | I15: na | J15: 1 | K15: 10 | L15: s | M15: na | N15: 0 | O15: 0 | P15: madura | Q15: 5602-5604 | R15: 2.269 | S15: 4.913 | T15: 5.062 | U15: 0.545 | V15: 0.591 | X15: Pouco gelo, caixa de isopor quente
A16: m05 | B16: 45401 | C16: =INT((DATE(2000, MONTH(B16), DAY(B16)) - DATE(2000, 3, 12)) / 15) + 1 -> 3 | D16: 1 | E16: 0.62222222 | F16: 17:30-18:50 | H16: m | I16: c | J16: 1 | K16: 11 | L16: s | M16: na | N16: 0 | O16: 0 | P16: na | Q16: 5637 | R16: 0.888 | S16: 3.101 | T16: na | U16: 0.234 | V16: 0.17 | X16: Pouco gelo, caixa de isopor quente | Y16: sem perna direita
A17: f11 | B17: 45401 | C17: =INT((DATE(2000, MONTH(B17), DAY(B17)) - DATE(2000, 3, 12)) / 15) + 1 -> 3 | D17: 1 | E17: 0.62222222 | F17: 17:30-18:50 | H17: f | I17: na | J17: 1 | K17: 11 | L17: s | M17: na | N17: 0 | O17: 0 | P17: madura | Q17: 5590-5591 | R17: 2.707 | S17: 5.234 | T17: 4.979 | U17: 0.607 | V17: 0.739 | X17: Pouco gelo, caixa de isopor quente
A18: m06 | B18: 45401 | C18: =INT((DATE(2000, MONTH(B18), DAY(B18)) - DATE(2000, 3, 12)) / 15) + 1 -> 3 | D18: 1 | E18: 0.62708333 | F18: 17:30-18:50 | H18: m | I18: P | J18: 1 | K18: 12 | L18: s | M18: na | N18: 0 | O18: 3 | P18: na | Q18: 5642 | R18: 0.593 | S18: na | T18: na | U18: 0.181 | V18: 0.109 | X18: Pouco gelo, caixa de isopor quente | Y18: duas pernas dianteiras ausentes
A19: f12 | B19: 45401 | C19: =INT((DATE(2000, MONTH(B19), DAY(B19)) - DATE(2000, 3, 12)) / 15) + 1 -> 3 | D19: 1 | E19: 0.62708333 | F19: 17:30-18:50 | H19: f | I19: na | J19: 1 | K19: 12 | L19: s | M19: na | N19: 0 | O19: 3 | P19: madura | Q19: 5598-5599 | R19: 2.747 | S19: 5.198 | T19: 5.162 | U19: 0.579 | V19: 0.714 | W19: se alimentou logo antes da captura | X19: Pouco gelo, caixa de isopor quente
A20: m07 | B20: 45401 | C20: =INT((DATE(2000, MONTH(B20), DAY(B20)) - DATE(2000, 3, 12)) / 15) + 1 -> 3 | D20: 1 | E20: 0.63958333 | F20: 17:30-18:50 | H20: m | I20: c | J20: 1 | K20: 13 | L20: s | M20: na | N20: 0 | O20: 1 | P20: na | Q20: 5643 | R20: 0.659 | S20: 2.403 | T20: na | U20: 0.194 | V20: 0.109 | X20: Pouco gelo, caixa de isopor quente | Y20: sem perna direita
A21: f13 | B21: 45401 | C21: =INT((DATE(2000, MONTH(B21), DAY(B21)) - DATE(2000, 3, 12)) / 15) + 1 -> 3 | D21: 1 | E21: 0.63958333 | F21: 17:30-18:50 | H21: f | I21: na | J21: 1 | K21: 13 | L21: s | M21: na | N21: 0 | O21: 1 | P21: madura | Q21: 5592-5593 | R21: 2.472 | S21: 5.63 | T21: 5.606 | U21: 0.587 | V21: 0.583 | W21: se alimentou logo antes da captura, já havia sido marcada com tinta para outro experimento | X21: Pouco gelo, caixa de isopor quente
A22: f14 | B22: 45401 | C22: =INT((DATE(2000, MONTH(B22), DAY(B22)) - DATE(2000, 3, 12)) / 15) + 1 -> 3 | D22: 1 | E22: 0.65486111 | F22: 17:30-18:50 | H22: f | I22: na | J22: 2 | K22: 14 | L22: s | M22: na | N22: 0 | O22: 1 | P22: madura | Q22: 5512-5513 | R22: 2.471 | S22: na | T22: 4.922 | U22: 0.526 | V22: 0.623 | X22: Pouco gelo, caixa de isopor quente | Y22: Trocou de pote
A23: m08 | B23: 45401 | C23: =INT((DATE(2000, MONTH(B23), DAY(B23)) - DATE(2000, 3, 12)) / 15) + 1 -> 3 | D23: 1 | E23: 0.65486111 | F23: 17:30-18:50 | H23: m | I23: c | J23: 2 | K23: 14 | L23: s | M23: na | N23: 0 | O23: 1 | P23: na | Q23: 5644 | R23: 0.628 | S23: na | T23: 2.066 | U23: 0.183 | V23: 0.115 | X23: Pouco gelo, caixa de isopor quente
A24: f15 | B24: 45401 | C24: =INT((DATE(2000, MONTH(B24), DAY(B24)) - DATE(2000, 3, 12)) / 15) + 1 -> 3 | D24: 1 | E24: 0.65486111 | F24: 17:30-18:50 | H24: f | I24: na | J24: 2 | K24: 15 | L24: s | M24: na | N24: 0 | O24: 0 | P24: madura | Q24: 5518-5519 | R24: 2.69 | S24: 5.11 | T24: 5.25 | U24: 0.554 | V24: 0.654 | W24: Já havia sido marcada com tinta parra outro experimento | X24: Pouco gelo, caixa de isopor quente | Y24: Trocou de pote
A25: f16 | B25: 45401 | C25: =INT((DATE(2000, MONTH(B25), DAY(B25)) - DATE(2000, 3, 12)) / 15) + 1 -> 3 | D25: 1 | E25: 0.66180556 | F25: 17:30-18:50 | H25: f | I25: na | J25: 2 | K25: 16 | L25: s | M25: na | N25: 0 | O25: 1 | P25: madura | Q25: 5566-5567 | R25: 2.456 | S25: 4.423 | T25: 4.826 | U25: 0.532 | V25: 0.604 | X25: Pouco gelo, caixa de isopor quente
A26: f17 | B26: 45401 | C26: =INT((DATE(2000, MONTH(B26), DAY(B26)) - DATE(2000, 3, 12)) / 15) + 1 -> 3 | D26: 1 | E26: 0.69583333 | F26: 17:30-18:50 | H26: f | I26: na | J26: 3 | K26: 17 | L26: a | M26: 2 | N26: 0 | O26: 0 | P26: madura | Q26: 5514-5515 | R26: 2.33 | S26: 5.051 | T26: 5.009 | U26: 0.484 | V26: 0.537 | X26: Pouco gelo, caixa de isopor quente | Y26: Trocou de pote
A27: f18 | B27: 45401 | C27: =INT((DATE(2000, MONTH(B27), DAY(B27)) - DATE(2000, 3, 12)) / 15) + 1 -> 3 | D27: 1 | E27: 0.69583333 | F27: 17:30-18:50 | H27: f | I27: na | J27: 3 | K27: 18 | L27: a | M27: 2 | N27: 0 | O27: 0 | P27: madura | Q27: 5625-5626 | R27: 1.941 | S27: 3.822 | T27: 3.79 | U27: 0.386 | V27: 0.498 | X27: Pouco gelo, caixa de isopor quente
A28: m09 | B28: 45401 | C28: =INT((DATE(2000, MONTH(B28), DAY(B28)) - DATE(2000, 3, 12)) / 15) + 1 -> 3 | D28: 1 | E28: 0.69583333 | F28: 17:30-18:50 | H28: m | I28: c | J28: 3 | K28: 19 | L28: a | M28: 2 | N28: 0 | O28: 0 | P28: na | Q28: 5636 | R28: 0.899 | S28: na | T28: 3.397 | U28: 0.26 | V28: 0.177 | X28: Pouco gelo, caixa de isopor quente | Y28: sem a perna esquerda
A29: f19 | B29: 45401 | C29: =INT((DATE(2000, MONTH(B29), DAY(B29)) - DATE(2000, 3, 12)) / 15) + 1 -> 3 | D29: 1 | E29: 0.69583333 | F29: 17:30-18:50 | H29: f | I29: na | J29: 3 | K29: 19 | L29: a | M29: 2 | N29: 0 | O29: 0 | P29: madura | Q29: 5623-5624 | R29: 2.785 | S29: 5.339 | T29: 5.38 | U29: 0.559 | V29: 0.729 | X29: Pouco gelo, caixa de isopor quente
A30: m10 | B30: 45401 | C30: =INT((DATE(2000, MONTH(B30), DAY(B30)) - DATE(2000, 3, 12)) / 15) + 1 -> 3 | D30: 1 | E30: 0.69583333 | F30: 17:30-18:50 | H30: m | I30: c | J30: 3 | K30: 20 | L30: a | M30: 2 | N30: 0 | O30: 0 | P30: na | Q30: 5645 | R30: 0.541 | S30: 1.945 | T30: na | U30: 0.145 | V30: 0.106 | X30: Pouco gelo, caixa de isopor quente | Y30: sem perna direita
A31: f20 | B31: 45401 | C31: =INT((DATE(2000, MONTH(B31), DAY(B31)) - DATE(2000, 3, 12)) / 15) + 1 -> 3 | D31: 1 | E31: 0.69583333 | F31: 17:30-18:50 | H31: f | I31: na | J31: 3 | K31: 20 | L31: a | M31: 2 | N31: 0 | O31: 0 | P31: madura | Q31: 5605-5606 | R31: 2.409 | S31: 5.147 | T31: 5.282 | U31: 0.579 | V31: 0.488 | X31: Pouco gelo, caixa de isopor quente
A32: f21 | B32: 45401 | C32: =INT((DATE(2000, MONTH(B32), DAY(B32)) - DATE(2000, 3, 12)) / 15) + 1 -> 3 | D32: 1 | E32: 0.69583333 | F32: 17:30-18:50 | H32: f | I32: na | J32: 3 | K32: 21 | L32: a | M32: 2 | N32: 0 | O32: 0 | P32: madura | Q32: 5613-5614 | R32: 2.436 | S32: 4.675 | T32: 4.68 | U32: 0.495 | V32: 0.639 | X32: Pouco gelo, caixa de isopor quente
A33: f22 | B33: 45401 | C33: =INT((DATE(2000, MONTH(B33), DAY(B33)) - DATE(2000, 3, 12)) / 15) + 1 -> 3 | D33: 1 | E33: 0.69583333 | F33: 17:30-18:50 | H33: f | I33: na | J33: 3 | K33: 22 | L33: a | M33: 2 | N33: 0 | O33: 0 | P33: madura | Q33: 5546-5547 | R33: 2.357 | S33: 4.461 | T33: 4.334 | U33: 0.502 | V33: 0.512 | W33: Asterisco: a posição pode ter trocado com a f23 durante a coleta | X33: Pouco gelo, caixa de isopor quente | Y33: Trocou de pote
A34: f23 | B34: 45401 | C34: =INT((DATE(2000, MONTH(B34), DAY(B34)) - DATE(2000, 3, 12)) / 15) + 1 -> 3 | D34: 1 | E34: 0.69583333 | F34: 17:30-18:50 | H34: f | I34: na | J34: 3 | K34: 23 | L34: a | M34: 2 | N34: 0 | O34: 0 | P34: madura | Q34: 5615-5616 | R34: 2.828 | S34: 5.639 | T34: 5.672 | U34: 0.588 | V34: 0.839 | W34: Asterisco: a posição pode ter trocado com a f22 durante a coleta | X34: Pouco gelo, caixa de isopor quente
A35: f24 | B35: 45401 | C35: =INT((DATE(2000, MONTH(B35), DAY(B35)) - DATE(2000, 3, 12)) / 15) + 1 -> 3 | D35: 1 | E35: 0.69583333 | F35: 17:30-18:50 | H35: f | I35: na | J35: 3 | K35: 24 | L35: a | M35: 2 | N35: 0 | O35: 0 | P35: madura | Q35: 5537-5538 | R35: 2.179 | S35: na | T35: 4.639 | U35: 0.513 | V35: 0.425 | X35: Pouco gelo, caixa de isopor quente
A36: f25 | B36: 45401 | C36: =INT((DATE(2000, MONTH(B36), DAY(B36)) - DATE(2000, 3, 12)) / 15) + 1 -> 3 | D36: 1 | E36: 0.71527778 | F36: 17:30-18:50 | H36: f | I36: na | J36: 3 | K36: 25 | L36: a | M36: 2 | N36: 0 | O36: 0 | P36: madura | Q36: 5617-5618 | R36: 2.693 | S36: 5.797 | T36: na | U36: 0.585 | V36: 0.551 | X36: Pouco gelo, caixa de isopor quente
A37: f26 | B37: 45401 | C37: =INT((DATE(2000, MONTH(B37), DAY(B37)) - DATE(2000, 3, 12)) / 15) + 1 -> 3 | D37: 1 | E37: 0.71527778 | F37: 17:30-18:50 | H37: f | I37: na | J37: 3 | K37: 26 | L37: a | M37: 2 | N37: 0 | O37: 0 | P37: madura | Q37: 5621-5622 | R37: 2.393 | S37: 4.713 | T37: 4.65 | U37: 0.479 | V37: 0.609 | X37: Pouco gelo, caixa de isopor quente
A38: f27 | B38: 45401 | C38: =INT((DATE(2000, MONTH(B38), DAY(B38)) - DATE(2000, 3, 12)) / 15) + 1 -> 3 | D38: 1 | E38: 0.71527778 | F38: 17:30-18:50 | H38: f | I38: na | J38: 3 | K38: 27 | L38: a | M38: 2 | N38: 0 | O38: 0 | P38: madura | Q38: 5480-5496 | R38: 2.462 | S38: 5.566 | T38: 5.424 | U38: 0.591 | V38: 0.583 | X38: Pouco gelo, caixa de isopor quente | Y38: Trocou de pote
A39: f28 | B39: 45401 | C39: =INT((DATE(2000, MONTH(B39), DAY(B39)) - DATE(2000, 3, 12)) / 15) + 1 -> 3 | D39: 1 | E39: 0.71527778 | F39: 17:30-18:50 | H39: f | I39: na | J39: 3 | K39: 28 | L39: a | M39: 2 | N39: 0 | O39: 0 | P39: madura | Q39: 5596-5597 | R39: 2.218 | S39: 4.043 | T39: 4.57 | U39: 0.492 | V39: 0.553 | X39: Pouco gelo, caixa de isopor quente
A40: f29 | B40: 45401 | C40: =INT((DATE(2000, MONTH(B40), DAY(B40)) - DATE(2000, 3, 12)) / 15) + 1 -> 3 | D40: 1 | E40: 0.71527778 | F40: 17:30-18:50 | H40: f | I40: na | J40: 3 | K40: 29 | L40: a | M40: 2 | N40: 0 | O40: 0 | P40: madura | Q40: 5607-5608 | R40: 2.251 | S40: 4.719 | T40: 4.719 | U40: 0.464 | V40: 0.567 | X40: Pouco gelo, caixa de isopor quente
A41: m11 | B41: 45404 | C41: =INT((DATE(2000, MONTH(B41), DAY(B41)) - DATE(2000, 3, 12)) / 15) + 1 -> 3 | D41: 1 | E41: 0.64583333 | F41: 18:00-19:05 | H41: m | I41: c | J41: sede | K41: 30 | L41: a | M41: 3 | N41: 0 | O41: 2 | P41: na | Q41: 5646 | R41: 0.511 | S41: 1.613 | T41: 1.701 | U41: 0.182 | V41: 0.121
A42: f30 | B42: 45404 | C42: =INT((DATE(2000, MONTH(B42), DAY(B42)) - DATE(2000, 3, 12)) / 15) + 1 -> 3 | D42: 1 | E42: 0.65277778 | F42: 18:00-19:05 | H42: f | I42: na | J42: sede | K42: 30 | L42: a | M42: 3 | N42: 0 | O42: 2 | P42: madura | Q42: 5564-5565 | R42: 2.124 | S42: 5.126 | T42: 5.198 | U42: 0.54 | V42: 0.472
A43: f31,5 | B43: 45404 | C43: =INT((DATE(2000, MONTH(B43), DAY(B43)) - DATE(2000, 3, 12)) / 15) + 1 -> 3 | D43: 1 | E43: 0.65277778 | F43: 18:00-19:05 | H43: fe | I43: na | J43: sede | K43: 31 | L43: a | M43: 3 | N43: 0 | O43: 0 | P43: madura | Q43: 5627-5628 | R43: 2.352 | S43: 5.186 | T43: 5.111 | U43: 0.554 | V43: 0.424 | W43: fêmea estava de maneira periférica na teia e quando se movimentou a outra fêmea apresentou comportamento agressivo
A44: f31 | B44: 45404 | C44: =INT((DATE(2000, MONTH(B44), DAY(B44)) - DATE(2000, 3, 12)) / 15) + 1 -> 3 | D44: 1 | E44: 0.65277778 | F44: 18:00-19:05 | H44: f | I44: na | J44: sede | K44: 31 | L44: a | M44: 3 | N44: 0 | O44: 0 | P44: madura | Q44: 5472-5507 | R44: 2.391 | S44: 5.101 | T44: 5.019 | U44: 0.52 | V44: 0.542 | W44: Apresentou comportamento agressivo quando outra fêmea passou pela teia
A45: f32 | B45: 45404 | C45: =INT((DATE(2000, MONTH(B45), DAY(B45)) - DATE(2000, 3, 12)) / 15) + 1 -> 3 | D45: 1 | E45: 0.65625 | F45: 18:00-19:05 | H45: f | I45: na | J45: sede | K45: 32 | L45: a | M45: 3 | N45: 0 | O45: 0 | P45: madura | Q45: 5548-5549 | R45: 2.666 | S45: 4.211 | T45: 4.21 | U45: 0.569 | V45: 0.551 | Y45: Trocou de pote
A46: f33 | B46: 45404 | C46: =INT((DATE(2000, MONTH(B46), DAY(B46)) - DATE(2000, 3, 12)) / 15) + 1 -> 3 | D46: 1 | E46: 0.67361111 | F46: 18:00-19:05 | H46: f | I46: na | J46: sede | K46: 33 | L46: a | M46: 3 | N46: 0 | O46: 0 | P46: madura | Q46: 5582-5583 | R46: 2.196 | S46: 4.598 | T46: 4.637 | U46: 0.486 | V46: 0.464
A47: f34 | B47: 45404 | C47: =INT((DATE(2000, MONTH(B47), DAY(B47)) - DATE(2000, 3, 12)) / 15) + 1 -> 3 | D47: 1 | E47: 0.67361111 | F47: 18:00-19:05 | H47: f | I47: na | J47: sede | K47: 34 | L47: a | M47: 3 | N47: 0 | O47: 0 | P47: madura | Q47: 5558-5559 | R47: 1.782 | S47: 3.862 | T47: 3.848 | U47: 0.425 | V47: 0.444 | Y47: Trocou de pote
A48: f35 | B48: 45404 | C48: =INT((DATE(2000, MONTH(B48), DAY(B48)) - DATE(2000, 3, 12)) / 15) + 1 -> 3 | D48: 1 | E48: 0.67361111 | F48: 18:00-19:05 | H48: f | I48: na | J48: sede | K48: 35 | L48: a | M48: 3 | N48: 0 | O48: 0 | P48: madura | Q48: 5485-5486 | R48: 2.668 | S48: 6.064 | T48: 6.063 | U48: 0.617 | V48: 0.483 | Y48: Trocou de pote
A49: f36 | B49: 45404 | C49: =INT((DATE(2000, MONTH(B49), DAY(B49)) - DATE(2000, 3, 12)) / 15) + 1 -> 3 | D49: 1 | E49: 0.67708333 | F49: 18:00-19:05 | H49: f | I49: na | J49: sede | K49: 36 | L49: a | M49: 3 | N49: 0 | O49: 0 | P49: madura | Q49: 5520-5521 | R49: 2.204 | S49: 4.963 | T49: 4.554 | U49: 0.554 | V49: 0.499 | Y49: Trocou de pote
A50: f37 | B50: 45404 | C50: =INT((DATE(2000, MONTH(B50), DAY(B50)) - DATE(2000, 3, 12)) / 15) + 1 -> 3 | D50: 1 | E50: 0.6875 | F50: 18:00-19:05 | H50: f | I50: na | J50: sede | K50: 37 | L50: a | M50: 3 | N50: 0 | O50: 0 | P50: madura | Q50: 5619-5620 | R50: 2.772 | S50: 5.723 | T50: 5.889 | U50: 0.594 | V50: 0.684 | W50: Apresentava uma mosca na cabeça que não quis sair
A51: m12 | B51: 45404 | C51: =INT((DATE(2000, MONTH(B51), DAY(B51)) - DATE(2000, 3, 12)) / 15) + 1 -> 3 | D51: 1 | E51: 0.6875 | F51: 18:00-19:05 | H51: me | I51: c | J51: sede | L51: a | M51: 3 | P51: na | Q51: 5647 | R51: 0.651 | S51: 2.334 | T51: 2.338 | U51: 0.152 | V51: 0.129 | W51: foi coletado junto com a aranha 37 mas não havia sido identificada a sua posição antes da coleta | Y51: ficou fora da geladeira
A52: f38 | B52: 45404 | C52: =INT((DATE(2000, MONTH(B52), DAY(B52)) - DATE(2000, 3, 12)) / 15) + 1 -> 3 | D52: 1 | E52: 0.6875 | F52: 18:00-19:05 | H52: f | I52: na | J52: sede | K52: 38 | L52: a | M52: 3 | N52: 0 | O52: 0 | P52: madura | Q52: 5550-5551 | R52: 2.562 | S52: 4.993 | T52: 4.878 | U52: 0.564 | V52: 0.653 | W52: Possui uma mancha amarela na lateral do abdôme e alteração no padrão das manchas dorsais | Y52: Trocou de pote
A53: f39 | B53: 45404 | C53: =INT((DATE(2000, MONTH(B53), DAY(B53)) - DATE(2000, 3, 12)) / 15) + 1 -> 3 | D53: 1 | E53: 0.69444444 | F53: 18:00-19:05 | H53: f | I53: na | J53: sede | K53: 39 | L53: a | M53: 3 | N53: 0 | O53: 0 | P53: madura | Q53: 5588-5589 | R53: 2.367 | S53: 5.339 | T53: 5.307 | U53: 0.62 | V53: 0.531
A54: f40 | B54: 45404 | C54: =INT((DATE(2000, MONTH(B54), DAY(B54)) - DATE(2000, 3, 12)) / 15) + 1 -> 3 | D54: 1 | E54: 0.70138889 | F54: 18:00-19:05 | H54: f | I54: na | J54: sede | K54: 40 | L54: a | M54: 3 | N54: 0 | O54: 0 | P54: madura | Q54: 5516-5517 | R54: 2.334 | S54: 5.256 | T54: 5.096 | U54: 0.476 | V54: 0.448 | Y54: Trocou de pote
A55: f41 | B55: 45404 | C55: =INT((DATE(2000, MONTH(B55), DAY(B55)) - DATE(2000, 3, 12)) / 15) + 1 -> 3 | D55: 1 | E55: 0.70138889 | F55: 18:00-19:05 | H55: f | I55: na | J55: sede | K55: 41 | L55: a | M55: 3 | N55: 0 | O55: 0 | P55: madura | Q55: 5560-5561 | R55: 2.635 | S55: 5.812 | T55: 6.087 | U55: 0.557 | V55: 0.596 | Y55: Trocou de pote
A56: f42 | B56: 45404 | C56: =INT((DATE(2000, MONTH(B56), DAY(B56)) - DATE(2000, 3, 12)) / 15) + 1 -> 3 | D56: 1 | E56: 0.70138889 | F56: 18:00-19:05 | H56: f | I56: na | J56: sede | K56: 42 | L56: a | M56: 3 | O56: 0 | P56: madura | Q56: 5479-5497 | R56: 2.562 | S56: 5.641 | T56: 5.685 | U56: 0.633 | V56: 0.46 | Y56: Trocou de pote
A57: f43 | B57: 45404 | C57: =INT((DATE(2000, MONTH(B57), DAY(B57)) - DATE(2000, 3, 12)) / 15) + 1 -> 3 | D57: 1 | E57: 0.70138889 | F57: 18:00-19:05 | H57: f | I57: na | J57: sede | K57: 43 | L57: a | M57: 3 | O57: 0 | P57: madura | Q57: 5609-5610 | R57: 2.508 | S57: 5.067 | T57: 5.176 | U57: 0.545 | V57: 0.619
A58: f44 | B58: 45404 | C58: =INT((DATE(2000, MONTH(B58), DAY(B58)) - DATE(2000, 3, 12)) / 15) + 1 -> 3 | D58: 1 | E58: 0.70138889 | F58: 18:00-19:05 | H58: f | I58: na | J58: sede | K58: 44 | L58: a | M58: 3 | O58: 0 | P58: madura | Q58: 5562-5563 | R58: 2.35 | S58: 4.803 | T58: 4.836 | U58: 0.499 | V58: 0.544 | Y58: trocou de pote
A59: m13 | B59: 45404 | C59: =INT((DATE(2000, MONTH(B59), DAY(B59)) - DATE(2000, 3, 12)) / 15) + 1 -> 3 | D59: 1 | E59: 0.70833333 | F59: 18:00-19:05 | H59: m | I59: c | J59: sede | K59: 45 | L59: a | M59: 4 | N59: 0 | O59: 0 | P59: na | Q59: 5648 | R59: 0.655 | S59: 2.174 | T59: na | U59: 0.171 | V59: 0.109 | Y59: sem perna direita
A60: m14 | B60: 45404 | C60: =INT((DATE(2000, MONTH(B60), DAY(B60)) - DATE(2000, 3, 12)) / 15) + 1 -> 3 | D60: 1 | E60: 0.70833333 | F60: 18:00-19:05 | H60: m | I60: P | J60: sede | K60: 45 | L60: a | M60: 4 | N60: 0 | O60: 0 | P60: na | Q60: 5649 | R60: 0.448 | S60: 1.511 | T60: 1.501 | U60: 0.144 | V60: 0.101
A61: f45 | B61: 45404 | C61: =INT((DATE(2000, MONTH(B61), DAY(B61)) - DATE(2000, 3, 12)) / 15) + 1 -> 3 | D61: 1 | E61: 0.70833333 | F61: 18:00-19:05 | H61: f | I61: na | J61: sede | K61: 45 | L61: a | M61: 4 | N61: 0 | O61: 0 | P61: madura | Q61: 5556-5557 | R61: 1.258 | S61: 3.807 | T61: 3.772 | U61: 0.35 | V61: 0.285 | Y61: Trocou de pote
A62: m15 | B62: 45404 | C62: =INT((DATE(2000, MONTH(B62), DAY(B62)) - DATE(2000, 3, 12)) / 15) + 1 -> 3 | D62: 1 | E62: 0.70833333 | F62: 18:00-19:05 | H62: m | I62: c | J62: sede | K62: 46 | L62: a | M62: 4 | N62: 0 | O62: 0 | P62: na | Q62: 5650 | R62: 0.488 | S62: na | T62: 1.694 | U62: 0.167 | V62: 0.124 | Y62: sem a perna esquerda
A63: f46 | B63: 45404 | C63: =INT((DATE(2000, MONTH(B63), DAY(B63)) - DATE(2000, 3, 12)) / 15) + 1 -> 3 | D63: 1 | E63: 0.70833333 | F63: 18:00-19:05 | H63: f | I63: na | J63: sede | K63: 46 | L63: a | M63: 4 | N63: 0 | O63: 0 | P63: madura | Q63: 5475-5487 | R63: 2.031 | S63: 4.475 | T63: 4.624 | U63: 0.497 | V63: 0.365
A64: f47 | B64: 45404 | C64: =INT((DATE(2000, MONTH(B64), DAY(B64)) - DATE(2000, 3, 12)) / 15) + 1 -> 3 | D64: 1 | E64: 0.70833333 | F64: 18:00-19:05 | H64: f | I64: na | J64: sede | K64: 47 | L64: a | M64: 4 | N64: 0 | O64: 0 | P64: madura | Q64: 5579-5578 | R64: 2.313 | S64: 4.961 | T64: 4.805 | U64: 0.549 | V64: 0.441
A65: f48 | B65: 45404 | C65: =INT((DATE(2000, MONTH(B65), DAY(B65)) - DATE(2000, 3, 12)) / 15) + 1 -> 3 | D65: 1 | E65: 0.71527778 | F65: 18:00-19:05 | H65: f | I65: na | J65: sede | K65: 48 | L65: a | M65: 4 | N65: 0 | O65: 0 | P65: madura | Q65: 5473-5509 | R65: 2.269 | S65: 5.469 | T65: 5.557 | U65: 0.543 | V65: 0.438
A66: f49 | B66: 45407 | C66: =INT((DATE(2000, MONTH(B66), DAY(B66)) - DATE(2000, 3, 12)) / 15) + 1 -> 3 | D66: 1 | E66: 0.42361111 | F66: 12:00-13:00 | H66: f | I66: na | J66: 1 | K66: 49 | L66: s | M66: na | N66: 0 | O66: 0 | P66: madura | Q66: 5467-5508 | R66: 2.698 | S66: 5.986 | T66: 5.816 | U66: 0.63 | V66: 0.64 | W66: mesmo local de coleta da teia 1- perdeu a perna durante a foto
A67: f50 | B67: 45407 | C67: =INT((DATE(2000, MONTH(B67), DAY(B67)) - DATE(2000, 3, 12)) / 15) + 1 -> 3 | D67: 1 | E67: 0.43055556 | F67: 12:00-13:00 | H67: f | I67: na | J67: 1 | K67: 50 | L67: s | M67: na | N67: 0 | O67: 7 | P67: madura | Q67: 5482-5501 | R67: 1.941 | S67: 4.132 | T67: 4.228 | U67: 0.469 | V67: 0.512
A68: f51 | B68: 45407 | C68: =INT((DATE(2000, MONTH(B68), DAY(B68)) - DATE(2000, 3, 12)) / 15) + 1 -> 3 | D68: 1 | E68: 0.44097222 | F68: 12:00-13:00 | H68: f | I68: na | J68: 4 | K68: 51 | L68: s | M68: na | N68: 0 | O68: 0 | P68: madura | Q68: 5470-5504 | R68: 2.212 | S68: 4.582 | T68: 4.564 | U68: 0.453 | V68: 0.547 | W68: Alimentou recentemente
A69: m16 | B69: 45407 | C69: =INT((DATE(2000, MONTH(B69), DAY(B69)) - DATE(2000, 3, 12)) / 15) + 1 -> 3 | D69: 1 | E69: 0.44097222 | F69: 12:00-13:00 | H69: m | I69: c | J69: 4 | K69: 51 | L69: s | M69: na | N69: 0 | O69: 0 | P69: na | Q69: 5651 | R69: 0.67 | S69: 2.78 | T69: 2.715 | U69: 0.22 | V69: 0.136
A70: f52 | B70: 45407 | C70: =INT((DATE(2000, MONTH(B70), DAY(B70)) - DATE(2000, 3, 12)) / 15) + 1 -> 3 | D70: 1 | E70: 0.44791667 | F70: 12:00-13:00 | H70: f | I70: na | J70: 4 | K70: 52 | L70: s | M70: na | N70: 0 | O70: 0 | P70: madura | Q70: 5483-5502 | R70: 2.485 | S70: 5.72 | T70: 5.683 | U70: 0.599 | V70: 0.56
A71: m17 | B71: 45407 | C71: =INT((DATE(2000, MONTH(B71), DAY(B71)) - DATE(2000, 3, 12)) / 15) + 1 -> 3 | D71: 1 | E71: 0.44791667 | F71: 12:00-13:00 | H71: m | I71: c | J71: 4 | K71: 52 | L71: s | M71: na | N71: 0 | O71: 0 | P71: na | Q71: 5632 | R71: 0.824 | S71: 3.003 | T71: 2.999 | U71: 0.225 | V71: 0.134
A72: f53 | B72: 45407 | C72: =INT((DATE(2000, MONTH(B72), DAY(B72)) - DATE(2000, 3, 12)) / 15) + 1 -> 3 | D72: 1 | E72: 0.45486111 | F72: 12:00-13:00 | H72: f | I72: na | J72: 4 | K72: 53 | L72: s | M72: na | N72: 0 | O72: 0 | P72: madura | Q72: 5471-5488 | R72: 2.179 | S72: 4.246 | T72: 4.159 | U72: 0.458 | V72: 0.52 | W72: Alimentou recentemente | Y72: Trocou de pote
A73: f54 | B73: 45407 | C73: =INT((DATE(2000, MONTH(B73), DAY(B73)) - DATE(2000, 3, 12)) / 15) + 1 -> 3 | D73: 1 | E73: 0.46180556 | F73: 12:00-13:00 | H73: f | I73: na | J73: 4 | K73: 54 | L73: s | M73: na | N73: 0 | O73: 1 | P73: madura | Q73: 5544-5545 | R73: 2.351 | S73: 4.404 | T73: 4.541 | U73: 0.519 | V73: 0.686
A74: m18 | B74: 45407 | C74: =INT((DATE(2000, MONTH(B74), DAY(B74)) - DATE(2000, 3, 12)) / 15) + 1 -> 3 | D74: 1 | E74: 0.46180556 | F74: 12:00-13:00 | H74: m | I74: c | J74: 4 | K74: 54 | L74: s | M74: na | N74: 0 | O74: 1 | P74: na | Q74: 5652 | R74: 0.613 | S74: na | T74: 2.064 | U74: 0.18 | V74: 0.129 | Y74: sem a perna esquerda
A75: f55 | B75: 45407 | C75: =INT((DATE(2000, MONTH(B75), DAY(B75)) - DATE(2000, 3, 12)) / 15) + 1 -> 3 | D75: 1 | E75: 0.46666667 | F75: 12:00-13:00 | H75: f | I75: na | J75: 3 | K75: 55 | L75: s | M75: na | N75: 0 | O75: 0 | P75: madura | Q75: 5542-5543 | R75: 2.31 | S75: 5.219 | T75: 5.193 | U75: 0.562 | V75: 0.525 | W75: fêmea caiu na vegetação durante a coleta e foi encontrada no mesmo lugar após 1 h
A76: m19 | B76: 45407 | C76: =INT((DATE(2000, MONTH(B76), DAY(B76)) - DATE(2000, 3, 12)) / 15) + 1 -> 3 | D76: 1 | E76: 0.46666667 | F76: 12:00-13:00 | H76: m | I76: c | J76: 3 | K76: 55 | L76: s | M76: na | N76: 0 | O76: 0 | P76: na | Q76: 5653 | R76: 0.503 | S76: 1.788 | T76: 1.687 | U76: 0.154 | V76: 0.111 | W76: fêmea caiu na vegetação durante a coleta e foi encontrada no mesmo lugar após 1 h
A77: f56 | B77: 45407 | C77: =INT((DATE(2000, MONTH(B77), DAY(B77)) - DATE(2000, 3, 12)) / 15) + 1 -> 3 | D77: 1 | E77: 0.48263889 | F77: 12:00-13:00 | H77: f | I77: na | J77: 3 | K77: 56 | L77: s | M77: na | N77: 0 | O77: 3 | P77: madura | Q77: 5586-5587 | R77: 2.595 | S77: 5.078 | T77: 5.148 | U77: 0.561 | V77: 0.648
A78: m20 | B78: 45407 | C78: =INT((DATE(2000, MONTH(B78), DAY(B78)) - DATE(2000, 3, 12)) / 15) + 1 -> 3 | D78: 1 | E78: 0.48263889 | F78: 12:00-13:00 | H78: m | I78: c | J78: 3 | K78: 56 | L78: s | M78: na | N78: 0 | O78: 3 | P78: na | Q78: 5634 | R78: 0.796 | S78: 2.944 | T78: 2.9511 | U78: 0.251 | V78: 0.146
A79: f57 | B79: 45407 | C79: =INT((DATE(2000, MONTH(B79), DAY(B79)) - DATE(2000, 3, 12)) / 15) + 1 -> 3 | D79: 1 | E79: 0.48958333 | F79: 12:00-13:00 | H79: f | I79: na | J79: 3 | K79: 57 | L79: s | M79: na | N79: 0 | O79: 0.1 | P79: madura | Q79: 5539-5540 | R79: 1.82 | S79: 4.545 | T79: 4.408 | U79: 0.482 | V79: 0.381 | W79: Establimento foi identificado após a manipulação
A80: m21 | B80: 45407 | C80: =INT((DATE(2000, MONTH(B80), DAY(B80)) - DATE(2000, 3, 12)) / 15) + 1 -> 3 | D80: 1 | E80: 0.48958333 | F80: 12:00-13:00 | H80: m | I80: c | J80: 3 | K80: 57 | L80: s | M80: na | N80: 0 | O80: 0.1 | P80: na | Q80: 5631 | R80: 0.698 | S80: 2.762 | T80: na | U80: 0.212 | V80: 0.119 | W80: Establimento foi identificado após a manipulação | Y80: sem perna direita
A81: f58 | B81: 45407 | C81: =INT((DATE(2000, MONTH(B81), DAY(B81)) - DATE(2000, 3, 12)) / 15) + 1 -> 3 | D81: 1 | E81: 0.50347222 | F81: 12:00-13:00 | H81: f | I81: na | J81: 3 | K81: 58 | L81: s | M81: na | N81: 0 | O81: 0 | P81: madura | Q81: 5533-5534 | R81: 2.423 | S81: 5.024 | T81: 5.249 | U81: 0.526 | V81: 0.53
A82: m22 | B82: 45407 | C82: =INT((DATE(2000, MONTH(B82), DAY(B82)) - DATE(2000, 3, 12)) / 15) + 1 -> 3 | D82: 1 | E82: 0.50347222 | F82: 12:00-13:00 | H82: m | I82: c | J82: 3 | K82: 58 | L82: s | M82: na | N82: 0 | O82: 0 | P82: na | Q82: 5654 | R82: 0.597 | S82: 2.062 | T82: 2.137 | U82: 0.183 | V82: 0.135
A83: f59 | B83: 45407 | C83: =INT((DATE(2000, MONTH(B83), DAY(B83)) - DATE(2000, 3, 12)) / 15) + 1 -> 3 | D83: 1 | E83: 0.50694444 | F83: 12:00-13:00 | H83: fe | I83: na | J83: 3 | K83: 59 | L83: s | M83: na | N83: 0 | O83: 0 | W83: fêmea não coletada
A84: m23 | B84: 45407 | C84: =INT((DATE(2000, MONTH(B84), DAY(B84)) - DATE(2000, 3, 12)) / 15) + 1 -> 3 | D84: 1 | E84: 0.50694444 | F84: 12:00-13:00 | H84: me | I84: c | J84: 3 | K84: 59 | L84: s | M84: na | N84: 0 | O84: 0 | P84: na | Q84: 5629-5630 | R84: 0.506 | S84: 1.694 | T84: 1.645 | U84: 0.153 | V84: 0.11 | W84: fêmea não coletada
A85: f60 | B85: 45407 | C85: =INT((DATE(2000, MONTH(B85), DAY(B85)) - DATE(2000, 3, 12)) / 15) + 1 -> 3 | D85: 1 | E85: 0.5125 | F85: 12:00-13:00 | H85: f | I85: na | J85: 3 | K85: 60 | L85: s | M85: na | N85: 0 | O85: 0 | P85: madura | Q85: 5476-5500 | R85: 2.312 | S85: na | T85: 5.163 | U85: 0.589 | V85: 0.522
A86: f61 | B86: 45412 | C86: =INT((DATE(2000, MONTH(B86), DAY(B86)) - DATE(2000, 3, 12)) / 15) + 1 -> 4 | D86: 1 | E86: 0.4375 | F86: 12:00-12:12 | H86: f | I86: na | J86: 5 | K86: 61 | L86: a | M86: 5 | N86: 0 | O86: 0 | P86: madura | Q86: 5529-5530 | R86: 2.478 | S86: 4.723 | T86: 4.853 | U86: 0.52 | V86: 0.574
A87: m24 | B87: 45412 | C87: =INT((DATE(2000, MONTH(B87), DAY(B87)) - DATE(2000, 3, 12)) / 15) + 1 -> 4 | D87: 1 | E87: 0.4375 | F87: 12:00-12:12 | H87: m | I87: c | J87: 5 | K87: 61 | L87: a | M87: 5 | N87: 0 | O87: 0 | P87: na | Q87: 5635 | R87: 0.86 | S87: 2.917 | T87: 2.881 | U87: 0.265 | V87: 0.149
A88: f62 | B88: 45412 | C88: =INT((DATE(2000, MONTH(B88), DAY(B88)) - DATE(2000, 3, 12)) / 15) + 1 -> 4 | D88: 1 | E88: 0.4375 | F88: 12:00-12:12 | H88: f | I88: na | J88: 5 | K88: 62 | L88: a | M88: 5 | N88: 0 | O88: 0 | P88: madura | Q88: 5552-5553 | R88: 2.242 | S88: 4.886 | T88: 4.916 | U88: 0.538 | V88: 0.359 | Y88: Trocou de pote
A89: f63 | B89: 45412 | C89: =INT((DATE(2000, MONTH(B89), DAY(B89)) - DATE(2000, 3, 12)) / 15) + 1 -> 4 | D89: 1 | E89: 0.44444444 | F89: 12:00-12:12 | H89: f | I89: na | J89: 5 | K89: 63 | L89: a | M89: 5 | N89: 0 | O89: 0 | P89: madura | Q89: 5535-5536 | R89: 1.88 | S89: 4.208 | T89: 4.16 | U89: 0.425 | V89: 0.439
A90: f64 | B90: 45412 | C90: =INT((DATE(2000, MONTH(B90), DAY(B90)) - DATE(2000, 3, 12)) / 15) + 1 -> 4 | D90: 1 | E90: 0.44444444 | F90: 12:00-12:12 | H90: f | I90: na | J90: 5 | K90: 64 | L90: a | M90: 5 | N90: 0 | O90: 0 | P90: madura | Q90: 5523-5524 | R90: 2.143 | S90: 4.88 | T90: 4.971 | U90: 0.492 | V90: 0.419 | Y90: Trocou de pote
A91: f65 | B91: 45412 | C91: =INT((DATE(2000, MONTH(B91), DAY(B91)) - DATE(2000, 3, 12)) / 15) + 1 -> 4 | D91: 1 | E91: 0.44444444 | F91: 12:00-12:12 | H91: f | I91: na | J91: 5 | K91: 65 | L91: a | M91: 5 | N91: 0 | O91: 0 | P91: madura | Q91: 5554-5555 | R91: 2.259 | S91: 4.452 | T91: 4.431 | U91: 0.475 | V91: 0.612 | Y91: Trocou de pote
A92: f66 | B92: 45414 | C92: =INT((DATE(2000, MONTH(B92), DAY(B92)) - DATE(2000, 3, 12)) / 15) + 1 -> 4 | D92: 1 | E92: 0.58333333 | F92: 16:30-16:50 | H92: f | I92: na | J92: sede | K92: 66 | L92: s | M92: na | N92: 0 | O92: 0 | P92: madura | Q92: 5527-5528 | R92: 2.213 | S92: 5.24 | T92: 5.135 | U92: 0.519 | V92: 0.497
A93: f67 | B93: 45414 | C93: =INT((DATE(2000, MONTH(B93), DAY(B93)) - DATE(2000, 3, 12)) / 15) + 1 -> 4 | D93: 1 | E93: 0.58680556 | F93: 16:30-16:50 | H93: f | I93: na | J93: sede | K93: 67 | L93: s | M93: na | N93: 0 | O93: 2 | P93: madura | Q93: 5466-5499 | R93: 2.642 | S93: 5.444 | T93: 5.554 | U93: 0.563 | V93: 0.549
A94: f68 | B94: 45414 | C94: =INT((DATE(2000, MONTH(B94), DAY(B94)) - DATE(2000, 3, 12)) / 15) + 1 -> 4 | D94: 1 | E94: 0.59166667 | F94: 16:30-16:50 | H94: f | I94: na | J94: 6 | K94: 68 | L94: s | M94: na | N94: 0 | O94: 0 | P94: madura | Q94: 5474-5506 | R94: 2.409 | S94: 4.559 | T94: 4.479 | U94: 0.456 | V94: 0.267
A95: f69 | B95: 45414 | C95: =INT((DATE(2000, MONTH(B95), DAY(B95)) - DATE(2000, 3, 12)) / 15) + 1 -> 4 | D95: 1 | E95: 0.59722222 | F95: 16:30-16:50 | H95: f | I95: na | J95: 6 | K95: 69 | L95: s | M95: na | N95: 0 | O95: 0 | P95: madura | Q95: 5584-5585 | R95: 2.363 | S95: 4.656 | T95: 4.382 | U95: 0.504 | V95: 0.545
A96: f70 | B96: 45414 | C96: =INT((DATE(2000, MONTH(B96), DAY(B96)) - DATE(2000, 3, 12)) / 15) + 1 -> 4 | D96: 1 | E96: 0.59722222 | F96: 16:30-16:50 | H96: f | I96: na | J96: 6 | K96: 70 | L96: s | M96: na | N96: 0 | O96: 0 | P96: madura | Q96: 5477-5510 | R96: 2.109 | S96: 4.495 | T96: 4.524 | U96: 0.449 | V96: 0.377 | W96: Alimentou recentemente
A97: f71 | B97: 45414 | C97: =INT((DATE(2000, MONTH(B97), DAY(B97)) - DATE(2000, 3, 12)) / 15) + 1 -> 4 | D97: 1 | E97: 0.60416667 | F97: 16:30-16:50 | H97: f | I97: na | J97: 6 | K97: 71 | L97: s | M97: na | N97: 0 | O97: 0 | P97: madura | Q97: 5576-5577 | R97: 2.268 | S97: 5.231 | T97: 5.206 | U97: 0.493 | V97: 0.274
A98: f72 | B98: 45414 | C98: =INT((DATE(2000, MONTH(B98), DAY(B98)) - DATE(2000, 3, 12)) / 15) + 1 -> 4 | D98: 1 | E98: 0.60763889 | F98: 16:30-16:50 | H98: f | I98: na | J98: 6 | K98: 72 | L98: s | M98: na | N98: 0 | O98: 0 | P98: madura | Q98: 5465-5505 | R98: 2.383 | S98: 5.086 | T98: 5.025 | U98: 0.572 | V98: 0.384 | W98: Apresentou uma bolinha vermelha na cabeça
A99: f73 | B99: 45414 | C99: =INT((DATE(2000, MONTH(B99), DAY(B99)) - DATE(2000, 3, 12)) / 15) + 1 -> 4 | D99: 1 | E99: 0.61111111 | F99: 16:30-16:50 | H99: f | I99: na | J99: 3 | K99: 73 | L99: s | M99: na | N99: 0 | O99: 0 | P99: madura | Q99: 5531-5532 | R99: 2.686 | S99: 5.293 | T99: 5.303 | U99: 0.522 | V99: 0.461
A100: f74 | B100: 45414 | C100: =INT((DATE(2000, MONTH(B100), DAY(B100)) - DATE(2000, 3, 12)) / 15) + 1 -> 4 | D100: 1 | E100: 0.65625 | F100: 16:30-16:50 | H100: f | I100: na | J100: sede | K100: 74 | L100: s | M100: na | N100: 0 | O100: 1 | P100: madura | Q100: 5469-5503 | R100: 2.094 | S100: 4.451 | T100: 4.352 | U100: 0.47 | V100: 0.438
...

Sheet Sem os errados
A1: id | B1: coleta | C1: sexo | D1: posicao | E1: trilha | F1: idteia | G1: situacao da teia | H1: agreg | I1: comprimento corpo | J1: comprimento perna e | K1: comprimento perna d | L1: largura cefalotorax | M1: largura do abdomen | N1: observacoes | O1: obs2 | P1: obs3
A2: f01 | B2: 1 | C2: f | D2: na | E2: 1 | F2: 1 | G2: s | H2: na | I2: 2.679 | J2: 5.449 | K2: 5.518 | L2: 0.593 | M2: 0.781 | O2: Pouco gelo, caixa de isopor quente
A3: m01 | B3: 1 | C3: m | D3: c | E3: 1 | F3: 1 | G3: s | H3: na | I3: 0.524 | J3: 1.633 | K3: 1.636 | L3: 0.145 | M3: 0.121 | N3: Estava na lateral da teia, mas estava se alimentando | O3: Pouco gelo, caixa de isopor quente
A4: f02 | B4: 1 | C4: f | D4: na | E4: 1 | F4: 2 | G4: s | H4: na | I4: 2.291 | J4: na | K4: 5.65 | L4: 0.606 | M4: 0.498 | O4: Pouco gelo, caixa de isopor quente
A5: m02 | B5: 1 | C5: m | D5: c | E5: 1 | F5: 3 | G5: a | H5: 1 | I5: 0.591 | J5: 1.579 | K5: 1.824 | L5: 0.177 | M5: 0.112 | O5: Pouco gelo, caixa de isopor quente
A6: f03 | B6: 1 | C6: f | D6: na | E6: 1 | F6: 3 | G6: a | H6: 1 | I6: 1.992 | J6: 5.005 | K6: 4.844 | L6: 0.493 | M6: 0.466 | O6: Pouco gelo, caixa de isopor quente
A7: f04 | B7: 1 | C7: f | D7: na | E7: 1 | F7: 4 | G7: a | H7: 1 | I7: 2.078 | J7: na | K7: 4.665 | L7: 0.517 | M7: 0.55 | O7: Pouco gelo, caixa de isopor quente
A8: f05 | B8: 1 | C8: f | D8: na | E8: 1 | F8: 5 | G8: a | H8: 1 | I8: 2.69 | J8: 5.435 | K8: 5.301 | L8: 0.65 | M8: 0.626 | O8: Pouco gelo, caixa de isopor quente
A9: f06 | B9: 1 | C9: f | D9: na | E9: 1 | F9: 6 | G9: a | H9: 1 | I9: 2.091 | J9: 3.889 | K9: 3.883 | L9: 0.445 | M9: 0.505 | N9: Perdeu a perna durante o manejo | O9: Pouco gelo, caixa de isopor quente
A10: f07 | B10: 1 | C10: f | D10: na | E10: 1 | F10: 7 | G10: a | H10: 1 | I10: 2.293 | J10: na | K10: 5.434 | L10: 0.589 | M10: 0.496 | O10: Pouco gelo, caixa de isopor quente
A11: f08 | B11: 1 | C11: f | D11: na | E11: 1 | F11: 8 | G11: a | H11: 1 | I11: 2.358 | J11: 6.01 | K11: 5.839 | L11: 0.641 | M11: 0.51 | O11: Pouco gelo, caixa de isopor quente
A12: f09 | B12: 1 | C12: f | D12: na | E12: 1 | F12: 9 | G12: s | H12: na | I12: 2.106 | J12: 4.866 | K12: 4.676 | L12: 0.495 | M12: 0.578 | O12: Pouco gelo, caixa de isopor quente | P12: Trocou de pote
A13: m03 | B13: 1 | C13: m | D13: c | E13: 1 | F13: 10 | G13: s | H13: na | I13: 0.557 | J13: na | K13: 1.898 | L13: 0.186 | M13: 0.109 | O13: Pouco gelo, caixa de isopor quente | P13: sem a perna esquerda
A14: f10 | B14: 1 | C14: f | D14: na | E14: 1 | F14: 10 | G14: s | H14: na | I14: 2.269 | J14: 4.913 | K14: 5.062 | L14: 0.545 | M14: 0.591 | O14: Pouco gelo, caixa de isopor quente
A15: m05 | B15: 1 | C15: m | D15: c | E15: 1 | F15: 11 | G15: s | H15: na | I15: 0.888 | J15: 3.101 | K15: na | L15: 0.234 | M15: 0.17 | O15: Pouco gelo, caixa de isopor quente | P15: sem perna direita
A16: f11 | B16: 1 | C16: f | D16: na | E16: 1 | F16: 11 | G16: s | H16: na | I16: 2.707 | J16: 5.234 | K16: 4.979 | L16: 0.607 | M16: 0.739 | O16: Pouco gelo, caixa de isopor quente
A17: m06 | B17: 1 | C17: m | D17: P | E17: 1 | F17: 12 | G17: s | H17: na | I17: 0.593 | J17: na | K17: na | L17: 0.181 | M17: 0.109 | O17: Pouco gelo, caixa de isopor quente | P17: duas pernas dianteiras ausentes
A18: f12 | B18: 1 | C18: f | D18: na | E18: 1 | F18: 12 | G18: s | H18: na | I18: 2.747 | J18: 5.198 | K18: 5.162 | L18: 0.579 | M18: 0.714 | N18: se alimentou logo antes da captura | O18: Pouco gelo, caixa de isopor quente
A19: m07 | B19: 1 | C19: m | D19: c | E19: 1 | F19: 13 | G19: s | H19: na | I19: 0.659 | J19: 2.403 | K19: na | L19: 0.194 | M19: 0.109 | O19: Pouco gelo, caixa de isopor quente | P19: sem perna direita
A20: f13 | B20: 1 | C20: f | D20: na | E20: 1 | F20: 13 | G20: s | H20: na | I20: 2.472 | J20: 5.63 | K20: 5.606 | L20: 0.587 | M20: 0.583 | N20: se alimentou logo antes da captura, já havia sido marcada com tinta para outro experimento | O20: Pouco gelo, caixa de isopor quente
A21: f14 | B21: 1 | C21: f | D21: na | E21: 2 | F21: 14 | G21: s | H21: na | I21: 2.471 | J21: na | K21: 4.922 | L21: 0.526 | M21: 0.623 | O21: Pouco gelo, caixa de isopor quente | P21: Trocou de pote
A22: m08 | B22: 1 | C22: m | D22: c | E22: 2 | F22: 14 | G22: s | H22: na | I22: 0.628 | J22: na | K22: 2.066 | L22: 0.183 | M22: 0.115 | O22: Pouco gelo, caixa de isopor quente
A23: f15 | B23: 1 | C23: f | D23: na | E23: 2 | F23: 15 | G23: s | H23: na | I23: 2.69 | J23: 5.11 | K23: 5.25 | L23: 0.554 | M23: 0.654 | N23: Já havia sido marcada com tinta parra outro experimento | O23: Pouco gelo, caixa de isopor quente | P23: Trocou de pote
A24: f16 | B24: 1 | C24: f | D24: na | E24: 2 | F24: 16 | G24: s | H24: na | I24: 2.456 | J24: 4.423 | K24: 4.826 | L24: 0.532 | M24: 0.604 | O24: Pouco gelo, caixa de isopor quente
A25: f17 | B25: 1 | C25: f | D25: na | E25: 3 | F25: 17 | G25: a | H25: 2 | I25: 2.33 | J25: 5.051 | K25: 5.009 | L25: 0.484 | M25: 0.537 | O25: Pouco gelo, caixa de isopor quente | P25: Trocou de pote
A26: f18 | B26: 1 | C26: f | D26: na | E26: 3 | F26: 18 | G26: a | H26: 2 | I26: 1.941 | J26: 3.822 | K26: 3.79 | L26: 0.386 | M26: 0.498 | O26: Pouco gelo, caixa de isopor quente
A27: m09 | B27: 1 | C27: m | D27: c | E27: 3 | F27: 19 | G27: a | H27: 2 | I27: 0.899 | J27: na | K27: 3.397 | L27: 0.26 | M27: 0.177 | O27: Pouco gelo, caixa de isopor quente | P27: sem a perna esquerda
A28: f19 | B28: 1 | C28: f | D28: na | E28: 3 | F28: 19 | G28: a | H28: 2 | I28: 2.785 | J28: 5.339 | K28: 5.38 | L28: 0.559 | M28: 0.729 | O28: Pouco gelo, caixa de isopor quente
A29: m10 | B29: 1 | C29: m | D29: c | E29: 3 | F29: 20 | G29: a | H29: 2 | I29: 0.541 | J29: 1.945 | K29: na | L29: 0.145 | M29: 0.106 | O29: Pouco gelo, caixa de isopor quente | P29: sem perna direita
A30: f20 | B30: 1 | C30: f | D30: na | E30: 3 | F30: 20 | G30: a | H30: 2 | I30: 2.409 | J30: 5.147 | K30: 5.282 | L30: 0.579 | M30: 0.488 | O30: Pouco gelo, caixa de isopor quente
A31: f21 | B31: 1 | C31: f | D31: na | E31: 3 | F31: 21 | G31: a | H31: 2 | I31: 2.436 | J31: 4.675 | K31: 4.68 | L31: 0.495 | M31: 0.639 | O31: Pouco gelo, caixa de isopor quente
A32: f22 | B32: 1 | C32: f | D32: na | E32: 3 | F32: 22 | G32: a | H32: 2 | I32: 2.357 | J32: 4.461 | K32: 4.334 | L32: 0.502 | M32: 0.512 | N32: Asterisco: a posição pode ter trocado com a f23 durante a coleta | O32: Pouco gelo, caixa de isopor quente | P32: Trocou de pote
A33: f23 | B33: 1 | C33: f | D33: na | E33: 3 | F33: 23 | G33: a | H33: 2 | I33: 2.828 | J33: 5.639 | K33: 5.672 | L33: 0.588 | M33: 0.839 | N33: Asterisco: a posição pode ter trocado com a f22 durante a coleta | O33: Pouco gelo, caixa de isopor quente
A34: f24 | B34: 1 | C34: f | D34: na | E34: 3 | F34: 24 | G34: a | H34: 2 | I34: 2.179 | J34: na | K34: 4.639 | L34: 0.513 | M34: 0.425 | O34: Pouco gelo, caixa de isopor quente
A35: f25 | B35: 1 | C35: f | D35: na | E35: 3 | F35: 25 | G35: a | H35: 2 | I35: 2.693 | J35: 5.797 | K35: na | L35: 0.585 | M35: 0.551 | O35: Pouco gelo, caixa de isopor quente
A36: f26 | B36: 1 | C36: f | D36: na | E36: 3 | F36: 26 | G36: a | H36: 2 | I36: 2.393 | J36: 4.713 | K36: 4.65 | L36: 0.479 | M36: 0.609 | O36: Pouco gelo, caixa de isopor quente
A37: f27 | B37: 1 | C37: f | D37: na | E37: 3 | F37: 27 | G37: a | H37: 2 | I37: 2.462 | J37: 5.566 | K37: 5.424 | L37: 0.591 | M37: 0.583 | O37: Pouco gelo, caixa de isopor quente | P37: Trocou de pote
A38: f28 | B38: 1 | C38: f | D38: na | E38: 3 | F38: 28 | G38: a | H38: 2 | I38: 2.218 | J38: 4.043 | K38: 4.57 | L38: 0.492 | M38: 0.553 | O38: Pouco gelo, caixa de isopor quente
A39: f29 | B39: 1 | C39: f | D39: na | E39: 3 | F39: 29 | G39: a | H39: 2 | I39: 2.251 | J39: 4.719 | K39: 4.719 | L39: 0.464 | M39: 0.567 | O39: Pouco gelo, caixa de isopor quente
A40: m11 | B40: 1 | C40: m | D40: c | E40: sede | F40: 30 | G40: a | H40: 3 | I40: 0.511 | J40: 1.613 | K40: 1.701 | L40: 0.182 | M40: 0.121
A41: f30 | B41: 1 | C41: f | D41: na | E41: sede | F41: 30 | G41: a | H41: 3 | I41: 2.124 | J41: 5.126 | K41: 5.198 | L41: 0.54 | M41: 0.472
A42: f31 | B42: 1 | C42: f | D42: na | E42: sede | F42: 31 | G42: a | H42: 3 | I42: 2.391 | J42: 5.101 | K42: 5.019 | L42: 0.52 | M42: 0.542 | N42: Apresentou comportamento agressivo quando outra fêmea passou pela teia
A43: f32 | B43: 1 | C43: f | D43: na | E43: sede | F43: 32 | G43: a | H43: 3 | I43: 2.666 | J43: 4.211 | K43: 4.21 | L43: 0.569 | M43: 0.551 | P43: Trocou de pote
A44: f33 | B44: 1 | C44: f | D44: na | E44: sede | F44: 33 | G44: a | H44: 3 | I44: 2.196 | J44: 4.598 | K44: 4.637 | L44: 0.486 | M44: 0.464
A45: f34 | B45: 1 | C45: f | D45: na | E45: sede | F45: 34 | G45: a | H45: 3 | I45: 1.782 | J45: 3.862 | K45: 3.848 | L45: 0.425 | M45: 0.444 | P45: Trocou de pote
A46: f35 | B46: 1 | C46: f | D46: na | E46: sede | F46: 35 | G46: a | H46: 3 | I46: 2.668 | J46: 6.064 | K46: 6.063 | L46: 0.617 | M46: 0.483 | P46: Trocou de pote
A47: f36 | B47: 1 | C47: f | D47: na | E47: sede | F47: 36 | G47: a | H47: 3 | I47: 2.204 | J47: 4.963 | K47: 4.554 | L47: 0.554 | M47: 0.499 | P47: Trocou de pote
A48: f37 | B48: 1 | C48: f | D48: na | E48: sede | F48: 37 | G48: a | H48: 3 | I48: 2.772 | J48: 5.723 | K48: 5.889 | L48: 0.594 | M48: 0.684 | N48: Apresentava uma mosca na cabeça que não quis sair
A49: f38 | B49: 1 | C49: f | D49: na | E49: sede | F49: 38 | G49: a | H49: 3 | I49: 2.562 | J49: 4.993 | K49: 4.878 | L49: 0.564 | M49: 0.653 | N49: Possui uma mancha amarela na lateral do abdôme e alteração no padrão das manchas dorsais | P49: Trocou de pote
A50: f39 | B50: 1 | C50: f | D50: na | E50: sede | F50: 39 | G50: a | H50: 3 | I50: 2.367 | J50: 5.339 | K50: 5.307 | L50: 0.62 | M50: 0.531
A51: f40 | B51: 1 | C51: f | D51: na | E51: sede | F51: 40 | G51: a | H51: 3 | I51: 2.334 | J51: 5.256 | K51: 5.096 | L51: 0.476 | M51: 0.448 | P51: Trocou de pote
A52: f41 | B52: 1 | C52: f | D52: na | E52: sede | F52: 41 | G52: a | H52: 3 | I52: 2.635 | J52: 5.812 | K52: 6.087 | L52: 0.557 | M52: 0.596 | P52: Trocou de pote
A53: f42 | B53: 1 | C53: f | D53: na | E53: sede | F53: 42 | G53: a | H53: 3 | I53: 2.562 | J53: 5.641 | K53: 5.685 | L53: 0.633 | M53: 0.46 | P53: Trocou de pote
A54: f43 | B54: 1 | C54: f | D54: na | E54: sede | F54: 43 | G54: a | H54: 3 | I54: 2.508 | J54: 5.067 | K54: 5.176 | L54: 0.545 | M54: 0.619
A55: f44 | B55: 1 | C55: f | D55: na | E55: sede | F55: 44 | G55: a | H55: 3 | I55: 2.35 | J55: 4.803 | K55: 4.836 | L55: 0.499 | M55: 0.544 | P55: trocou de pote
A56: m13 | B56: 1 | C56: m | D56: c | E56: sede | F56: 45 | G56: a | H56: 4 | I56: 0.655 | J56: 2.174 | K56: na | L56: 0.171 | M56: 0.109 | P56: sem perna direita
A57: m14 | B57: 1 | C57: m | D57: P | E57: sede | F57: 45 | G57: a | H57: 4 | I57: 0.448 | J57: 1.511 | K57: 1.501 | L57: 0.144 | M57: 0.101
A58: f45 | B58: 1 | C58: f | D58: na | E58: sede | F58: 45 | G58: a | H58: 4 | I58: 1.258 | J58: 3.807 | K58: 3.772 | L58: 0.35 | M58: 0.285 | P58: Trocou de pote
A59: m15 | B59: 1 | C59: m | D59: c | E59: sede | F59: 46 | G59: a | H59: 4 | I59: 0.488 | J59: na | K59: 1.694 | L59: 0.167 | M59: 0.124 | P59: sem a perna esquerda
A60: f46 | B60: 1 | C60: f | D60: na | E60: sede | F60: 46 | G60: a | H60: 4 | I60: 2.031 | J60: 4.475 | K60: 4.624 | L60: 0.497 | M60: 0.365
A61: f47 | B61: 1 | C61: f | D61: na | E61: sede | F61: 47 | G61: a | H61: 4 | I61: 2.313 | J61: 4.961 | K61: 4.805 | L61: 0.549 | M61: 0.441
A62: f48 | B62: 1 | C62: f | D62: na | E62: sede | F62: 48 | G62: a | H62: 4 | I62: 2.269 | J62: 5.469 | K62: 5.557 | L62: 0.543 | M62: 0.438
A63: f49 | B63: 1 | C63: f | D63: na | E63: 1 | F63: 49 | G63: s | H63: na | I63: 2.698 | J63: 5.986 | K63: 5.816 | L63: 0.63 | M63: 0.64 | N63: mesmo local de coleta da teia 1- perdeu a perna durante a foto
A64: f50 | B64: 1 | C64: f | D64: na | E64: 1 | F64: 50 | G64: s | H64: na | I64: 1.941 | J64: 4.132 | K64: 4.228 | L64: 0.469 | M64: 0.512
A65: f51 | B65: 1 | C65: f | D65: na | E65: 4 | F65: 51 | G65: s | H65: na | I65: 2.212 | J65: 4.582 | K65: 4.564 | L65: 0.453 | M65: 0.547 | N65: Alimentou recentemente
A66: m16 | B66: 1 | C66: m | D66: c | E66: 4 | F66: 51 | G66: s | H66: na | I66: 0.67 | J66: 2.78 | K66: 2.715 | L66: 0.22 | M66: 0.136
A67: f52 | B67: 1 | C67: f | D67: na | E67: 4 | F67: 52 | G67: s | H67: na | I67: 2.485 | J67: 5.72 | K67: 5.683 | L67: 0.599 | M67: 0.56
A68: m17 | B68: 1 | C68: m | D68: c | E68: 4 | F68: 52 | G68: s | H68: na | I68: 0.824 | J68: 3.003 | K68: 2.999 | L68: 0.225 | M68: 0.134
A69: f53 | B69: 1 | C69: f | D69: na | E69: 4 | F69: 53 | G69: s | H69: na | I69: 2.179 | J69: 4.246 | K69: 4.159 | L69: 0.458 | M69: 0.52 | N69: Alimentou recentemente | P69: Trocou de pote
A70: f54 | B70: 1 | C70: f | D70: na | E70: 4 | F70: 54 | G70: s | H70: na | I70: 2.351 | J70: 4.404 | K70: 4.541 | L70: 0.519 | M70: 0.686
A71: m18 | B71: 1 | C71: m | D71: c | E71: 4 | F71: 54 | G71: s | H71: na | I71: 0.613 | J71: na | K71: 2.064 | L71: 0.18 | M71: 0.129 | P71: sem a perna esquerda
A72: f55 | B72: 1 | C72: f | D72: na | E72: 3 | F72: 55 | G72: s | H72: na | I72: 2.31 | J72: 5.219 | K72: 5.193 | L72: 0.562 | M72: 0.525 | N72: fêmea caiu na vegetação durante a coleta e foi encontrada no mesmo lugar após 1 h
A73: m19 | B73: 1 | C73: m | D73: c | E73: 3 | F73: 55 | G73: s | H73: na | I73: 0.503 | J73: 1.788 | K73: 1.687 | L73: 0.154 | M73: 0.111 | N73: fêmea caiu na vegetação durante a coleta e foi encontrada no mesmo lugar após 1 h
A74: f56 | B74: 1 | C74: f | D74: na | E74: 3 | F74: 56 | G74: s | H74: na | I74: 2.595 | J74: 5.078 | K74: 5.148 | L74: 0.561 | M74: 0.648
A75: m20 | B75: 1 | C75: m | D75: c | E75: 3 | F75: 56 | G75: s | H75: na | I75: 0.796 | J75: 2.944 | K75: 2.9511 | L75: 0.251 | M75: 0.146
A76: f57 | B76: 1 | C76: f | D76: na | E76: 3 | F76: 57 | G76: s | H76: na | I76: 1.82 | J76: 4.545 | K76: 4.408 | L76: 0.482 | M76: 0.381 | N76: Establimento foi identificado após a manipulação
A77: m21 | B77: 1 | C77: m | D77: c | E77: 3 | F77: 57 | G77: s | H77: na | I77: 0.698 | J77: 2.762 | K77: na | L77: 0.212 | M77: 0.119 | N77: Establimento foi identificado após a manipulação | P77: sem perna direita
A78: f58 | B78: 1 | C78: f | D78: na | E78: 3 | F78: 58 | G78: s | H78: na | I78: 2.423 | J78: 5.024 | K78: 5.249 | L78: 0.526 | M78: 0.53
A79: m22 | B79: 1 | C79: m | D79: c | E79: 3 | F79: 58 | G79: s | H79: na | I79: 0.597 | J79: 2.062 | K79: 2.137 | L79: 0.183 | M79: 0.135
A80: f60 | B80: 1 | C80: f | D80: na | E80: 3 | F80: 60 | G80: s | H80: na | I80: 2.312 | J80: na | K80: 5.163 | L80: 0.589 | M80: 0.522
A81: f61 | B81: 1 | C81: f | D81: na | E81: 5 | F81: 61 | G81: a | H81: 5 | I81: 2.478 | J81: 4.723 | K81: 4.853 | L81: 0.52 | M81: 0.574
A82: m24 | B82: 1 | C82: m | D82: c | E82: 5 | F82: 61 | G82: a | H82: 5 | I82: 0.86 | J82: 2.917 | K82: 2.881 | L82: 0.265 | M82: 0.149
A83: f62 | B83: 1 | C83: f | D83: na | E83: 5 | F83: 62 | G83: a | H83: 5 | I83: 2.242 | J83: 4.886 | K83: 4.916 | L83: 0.538 | M83: 0.359 | P83: Trocou de pote
A84: f63 | B84: 1 | C84: f | D84: na | E84: 5 | F84: 63 | G84: a | H84: 5 | I84: 1.88 | J84: 4.208 | K84: 4.16 | L84: 0.425 | M84: 0.439
A85: f64 | B85: 1 | C85: f | D85: na | E85: 5 | F85: 64 | G85: a | H85: 5 | I85: 2.143 | J85: 4.88 | K85: 4.971 | L85: 0.492 | M85: 0.419 | P85: Trocou de pote
A86: f65 | B86: 1 | C86: f | D86: na | E86: 5 | F86: 65 | G86: a | H86: 5 | I86: 2.259 | J86: 4.452 | K86: 4.431 | L86: 0.475 | M86: 0.612 | P86: Trocou de pote
A87: f66 | B87: 1 | C87: f | D87: na | E87: sede | F87: 66 | G87: s | H87: na | I87: 2.213 | J87: 5.24 | K87: 5.135 | L87: 0.519 | M87: 0.497
A88: f67 | B88: 1 | C88: f | D88: na | E88: sede | F88: 67 | G88: s | H88: na | I88: 2.642 | J88: 5.444 | K88: 5.554 | L88: 0.563 | M88: 0.549
A89: f68 | B89: 1 | C89: f | D89: na | E89: 6 | F89: 68 | G89: s | H89: na | I89: 2.409 | J89: 4.559 | K89: 4.479 | L89: 0.456 | M89: 0.267
A90: f69 | B90: 1 | C90: f | D90: na | E90: 6 | F90: 69 | G90: s | H90: na | I90: 2.363 | J90: 4.656 | K90: 4.382 | L90: 0.504 | M90: 0.545
A91: f70 | B91: 1 | C91: f | D91: na | E91: 6 | F91: 70 | G91: s | H91: na | I91: 2.109 | J91: 4.495 | K91: 4.524 | L91: 0.449 | M91: 0.377 | N91: Alimentou recentemente
A92: f71 | B92: 1 | C92: f | D92: na | E92: 6 | F92: 71 | G92: s | H92: na | I92: 2.268 | J92: 5.231 | K92: 5.206 | L92: 0.493 | M92: 0.274
A93: f72 | B93: 1 | C93: f | D93: na | E93: 6 | F93: 72 | G93: s | H93: na | I93: 2.383 | J93: 5.086 | K93: 5.025 | L93: 0.572 | M93: 0.384 | N93: Apresentou uma bolinha vermelha na cabeça
A94: f73 | B94: 1 | C94: f | D94: na | E94: 3 | F94: 73 | G94: s | H94: na | I94: 2.686 | J94: 5.293 | K94: 5.303 | L94: 0.522 | M94: 0.461
A95: f74 | B95: 1 | C95: f | D95: na | E95: sede | F95: 74 | G95: s | H95: na | I95: 2.094 | J95: 4.451 | K95: 4.352 | L95: 0.47 | M95: 0.438
A96: f75 | B96: 1 | C96: f | D96: na | E96: sede | F96: 75 | G96: s | H96: na | I96: 2.097 | J96: na | K96: na | L96: 0.493 | M96: 0.339
A97: f76 | B97: 1 | C97: f | D97: na | E97: 1 | F97: 76 | G97: s | H97: na | I97: 2.513 | J97: 5.283 | K97: 5.401 | L97: 0.575 | M97: 0.41 | N97: Alimentou recentemente
A98: m25 | B98: 2 | C98: m | D98: c | E98: 1 | F98: 77 | G98: s | H98: na | I98: 0.738 | J98: 2.54 | K98: 2.567 | L98: 0.193 | M98: 0.147
A99: m26 | B99: 2 | C99: m | D99: p | E99: 1 | F99: 77 | G99: s | H99: na | I99: 0.626 | J99: 2.141 | K99: 2.127 | L99: 0.182 | M99: 0.113
A100: f77 | B100: 2 | C100: f | D100: na | E100: 1 | F100: 77 | G100: s | H100: na | I100: 1.571 | J100: 4.482 | K100: 4.493 | L100: 0.45 | M100: 0.401
...

Sheet Contagem de indivíduos
I1: CRUA
H2: Contagem de id | I2: Rótulos de Coluna
H3: Rótulos de Linha | I3: c | J3: na | K3: P | L3: Total Geral
H4: f | J4: 132 | L4: 132
H5: fe | J5: 12 | L5: 12
H6: m | I6: 59 | K6: 22 | L6: 81
H7: me | I7: 5 | K7: 6 | L7: 11
H8: Total Geral | I8: 64 | J8: 144 | K8: 28 | L8: 236
C15: SEM OS ERRADOS
B18: Contagem de id | C18: Rótulos de Coluna
C19: 1 | I19: 1 Total | J19: 2 | P19: 2 Total | Q19: Total Geral
C20: c | E20: c Total | F20: P | H20: P Total | J20: c | L20: c Total | M20: P | O20: P Total
B21: Rótulos de Linha | C21: a | D21: s | F21: a | G21: s | J21: a | K21: s | M21: a | N21: s
B22: m | C22: 7 | D22: 12 | E22: 19 | F22: 1 | G22: 1 | H22: 2 | I22: 21 | J22: 18 | K22: 22 | L22: 40 | M22: 15 | N22: 5 | O22: 20 | P22: 60 | Q22: 81
B23: Total Geral | C23: 7 | D23: 12 | E23: 19 | F23: 1 | G23: 1 | H23: 2 | I23: 21 | J23: 18 | K23: 22 | L23: 40 | M23: 15 | N23: 5 | O23: 20 | P23: 60 | Q23: 81
E35: 1 | K35: c | M35: c Total
E36: c | G36: c Total | K36: a | L36: s
E37: a | F37: s
K38: 18 | L38: 22 | M38: 40
E39: 7 | F39: 12 | G39: 19 | K39: 18 | L39: 22 | M39: 40
E40: 7 | F40: 12 | G40: 19
E44: Contagem de id | F44: Rótulos de Coluna
F45: 2 | L45: 2 Total | M45: Total Geral
F46: c | H46: c Total | I46: P | K46: P Total
E47: Rótulos de Linha | F47: a | G47: s | I47: a | J47: s
E48: m | F48: 18 | G48: 22 | H48: 40 | I48: 15 | J48: 5 | K48: 20 | L48: 60 | M48: 60
E49: Total Geral | F49: 18 | G49: 22 | H49: 40 | I49: 15 | J49: 5 | K49: 20 | L49: 60 | M49: 60
F51: Coleta 2024 | N51: Total Geral
F52: Central | I52: Periférico | L52: Total
F53: Solitária | G53: Agregada | H53: Total | I53: Solitária | J53: Agregada | K53: Total
E54: Machos | F54: 12 | G54: 7 | H54: 19 | I54: 1 | J54: 1 | K54: 2 | L54: 21 | N54: 81
F56: Coleta 2025
F57: Central | I57: Periférico | L57: Total
F58: Solitária | G58: Agregada | H58: Total | I58: Solitária | J58: Agregada | K58: Total
E59: Machos | F59: 22 | G59: 18 | H59: 40 | I59: 5 | J59: 15 | K59: 20 | L59: 60

Sheet Planilha1
F9: Rótulos de Coluna
F10: 1 | G10: 2 | H10: Total Geral
E11: Máx. de agreg | F11: 5 | G11: 12 | H11: 12
Z12: Agregação | AA12: 1 | AB12: 2 | AC12: 3 | AD12: 4 | AE12: 5 | AF12: 6 | AG12: 7 | AH12: 8 | AI12: 9 | AJ12: 10 | AK12: 11 | AL12: 12
Z13: Teias | AA13: 6 | AB13: 13 | AC13: 15 | AD13: 4 | AE13: 5 | AF13: 8 | AG13: 3 | AH13: 3 | AI13: 5 | AJ13: 3 | AK13: 4 | AL13: 3
B14: =81/132 -> 0.61363636
F16: Coleta 2024 | I16: Coleta 2025
F17: Agregadas | G17: Solitárias | H17: Total | I17: Agregadas | J17: Solitárias | K17: Total | L17: Total Geral
E18: Fêmeas | F18: 43 | G18: 32 | H18: 75 | I18: 29 | J18: 28 | K18: 57 | L18: 132
E19: Machos | F19: 8 | G19: 13 | H19: 21 | I19: 33 | J19: 27 | K19: 60 | L19: 81
E20: Total Geral | H20: 96 | K20: 117 | L20: 213
E23: Agregação | F23: 1 | G23: 2 | H23: 3 | I23: 4 | J23: 5 | K23: 6 | L23: 7 | M23: 8 | N23: 9 | O23: 10 | P23: 11 | Q23: 12
E24: Teias | F24: 6 | G24: 13 | H24: 15 | I24: 4 | J24: 5 | K24: 8 | L24: 3 | M24: 3 | N24: 5 | O24: 3 | P24: 4 | Q24: 3
F27: 1 | H27: 1 Total | I27: 2 | K27: 2 Total | L27: Total Geral
E28: Rótulos de Linha | F28: c | G28: P | I28: c | J28: P
E29: m | F29: 19 | G29: 2 | H29: 21 | I29: 40 | J29: 20 | K29: 60 | L29: 81
F31: Coleta 2024 | I31: Coleta 2025
F32: Central | G32: Periférico | H32: Total | I32: Central | J32: Periférico | K32: Total
E33: Macho | F33: 19 | G33: 2 | H33: 21 | I33: 40 | J33: 20 | K33: 60

Sheet H1 com todo mundo
A1: id | B1: coleta | C1: sexo | D1: posicao | E1: trilha | F1: idteia | G1: situacaoteia | H1: agreg | I1: cefafem | J1: cefamac | K1: data | L1: quinz
A2: f03 | B2: 1 | C2: f | D2: na | E2: 1 | F2: 3 | G2: a | H2: 1 | I2: 0.493 | J2: 0.177 | K2: =VLOOKUP(TRIM(A2 & ""), 'planilha crua'!$A$2:$B$10000, 2, FALSE) -> 45401 | L2: =INT((DATE(2000, MONTH(K2), DAY(K2)) - DATE(2000, 3, 12)) / 15) + 1 -> 3
A3: f19 | B3: 1 | C3: f | D3: na | E3: 3 | F3: 19 | G3: a | H3: 2 | I3: 0.559 | J3: 0.26 | K3: =VLOOKUP(TRIM(A3 & ""), 'planilha crua'!$A$2:$B$10000, 2, FALSE) -> 45401 | L3: =INT((DATE(2000, MONTH(K3), DAY(K3)) - DATE(2000, 3, 12)) / 15) + 1 -> 3
A4: f20 | B4: 1 | C4: f | D4: na | E4: 3 | F4: 20 | G4: a | H4: 2 | I4: 0.579 | J4: 0.145 | K4: =VLOOKUP(TRIM(A4 & ""), 'planilha crua'!$A$2:$B$10000, 2, FALSE) -> 45401 | L4: =INT((DATE(2000, MONTH(K4), DAY(K4)) - DATE(2000, 3, 12)) / 15) + 1 -> 3
A5: f30 | B5: 1 | C5: f | D5: na | E5: sede | F5: 30 | G5: a | H5: 3 | I5: 0.54 | J5: 0.182 | K5: =VLOOKUP(TRIM(A5 & ""), 'planilha crua'!$A$2:$B$10000, 2, FALSE) -> 45404 | L5: =INT((DATE(2000, MONTH(K5), DAY(K5)) - DATE(2000, 3, 12)) / 15) + 1 -> 3
A6: f45 | B6: 1 | C6: f | D6: na | E6: sede | F6: 45 | G6: a | H6: 4 | I6: 0.35 | J6: 0.171 | K6: =VLOOKUP(TRIM(A6 & ""), 'planilha crua'!$A$2:$B$10000, 2, FALSE) -> 45404 | L6: =INT((DATE(2000, MONTH(K6), DAY(K6)) - DATE(2000, 3, 12)) / 15) + 1 -> 3
A7: f45 | B7: 1 | C7: f | D7: na | E7: sede | F7: 45 | G7: a | H7: 4 | I7: 0.35 | J7: 0.144 | K7: =VLOOKUP(TRIM(A7 & ""), 'planilha crua'!$A$2:$B$10000, 2, FALSE) -> 45404 | L7: =INT((DATE(2000, MONTH(K7), DAY(K7)) - DATE(2000, 3, 12)) / 15) + 1 -> 3
A8: f46 | B8: 1 | C8: f | D8: na | E8: sede | F8: 46 | G8: a | H8: 4 | I8: 0.497 | J8: 0.167 | K8: =VLOOKUP(TRIM(A8 & ""), 'planilha crua'!$A$2:$B$10000, 2, FALSE) -> 45404 | L8: =INT((DATE(2000, MONTH(K8), DAY(K8)) - DATE(2000, 3, 12)) / 15) + 1 -> 3
A9: f61 | B9: 1 | C9: f | D9: na | E9: 5 | F9: 61 | G9: a | H9: 5 | I9: 0.52 | J9: 0.265 | K9: =VLOOKUP(TRIM(A9 & ""), 'planilha crua'!$A$2:$B$10000, 2, FALSE) -> 45412 | L9: =INT((DATE(2000, MONTH(K9), DAY(K9)) - DATE(2000, 3, 12)) / 15) + 1 -> 4
A10: f84 | B10: 2 | C10: f | D10: na | E10: 3 | F10: 84 | G10: a | H10: 6 | I10: 0.498 | J10: 0.207 | K10: =VLOOKUP(TRIM(A10 & ""), 'planilha crua'!$A$2:$B$10000, 2, FALSE) -> 45728 | L10: =INT((DATE(2000, MONTH(K10), DAY(K10)) - DATE(2000, 3, 12)) / 15) + 1 -> 1
A11: f85 | B11: 2 | C11: f | D11: na | E11: 3 | F11: 85 | G11: a | H11: 6 | I11: 0.545 | J11: 0.152 | K11: =VLOOKUP(TRIM(A11 & ""), 'planilha crua'!$A$2:$B$10000, 2, FALSE) -> 45728 | L11: =INT((DATE(2000, MONTH(K11), DAY(K11)) - DATE(2000, 3, 12)) / 15) + 1 -> 1
A12: f85 | B12: 2 | C12: f | D12: na | E12: 3 | F12: 85 | G12: a | H12: 6 | I12: 0.545 | J12: 0.286 | K12: =VLOOKUP(TRIM(A12 & ""), 'planilha crua'!$A$2:$B$10000, 2, FALSE) -> 45728 | L12: =INT((DATE(2000, MONTH(K12), DAY(K12)) - DATE(2000, 3, 12)) / 15) + 1 -> 1
A13: f86 | B13: 2 | C13: f | D13: na | E13: 3 | F13: 86 | G13: a | H13: 6 | I13: 0.475 | J13: 0.139 | K13: =VLOOKUP(TRIM(A13 & ""), 'planilha crua'!$A$2:$B$10000, 2, FALSE) -> 45728 | L13: =INT((DATE(2000, MONTH(K13), DAY(K13)) - DATE(2000, 3, 12)) / 15) + 1 -> 1
A14: f86 | B14: 2 | C14: f | D14: na | E14: 3 | F14: 86 | G14: a | H14: 6 | I14: 0.475 | J14: 0.208 | K14: =VLOOKUP(TRIM(A14 & ""), 'planilha crua'!$A$2:$B$10000, 2, FALSE) -> 45728 | L14: =INT((DATE(2000, MONTH(K14), DAY(K14)) - DATE(2000, 3, 12)) / 15) + 1 -> 1
A15: f86 | B15: 2 | C15: f | D15: na | E15: 3 | F15: 86 | G15: a | H15: 6 | I15: 0.475 | J15: 0.2 | K15: =VLOOKUP(TRIM(A15 & ""), 'planilha crua'!$A$2:$B$10000, 2, FALSE) -> 45728 | L15: =INT((DATE(2000, MONTH(K15), DAY(K15)) - DATE(2000, 3, 12)) / 15) + 1 -> 1
A16: f86 | B16: 2 | C16: f | D16: na | E16: 3 | F16: 86 | G16: a | H16: 6 | I16: 0.475 | J16: 0.175 | K16: =VLOOKUP(TRIM(A16 & ""), 'planilha crua'!$A$2:$B$10000, 2, FALSE) -> 45728 | L16: =INT((DATE(2000, MONTH(K16), DAY(K16)) - DATE(2000, 3, 12)) / 15) + 1 -> 1
A17: f86 | B17: 2 | C17: f | D17: na | E17: 3 | F17: 86 | G17: a | H17: 6 | I17: 0.475 | J17: 0.166 | K17: =VLOOKUP(TRIM(A17 & ""), 'planilha crua'!$A$2:$B$10000, 2, FALSE) -> 45728 | L17: =INT((DATE(2000, MONTH(K17), DAY(K17)) - DATE(2000, 3, 12)) / 15) + 1 -> 1
A18: f86 | B18: 2 | C18: f | D18: na | E18: 3 | F18: 86 | G18: a | H18: 6 | I18: 0.475 | J18: 0.191 | K18: =VLOOKUP(TRIM(A18 & ""), 'planilha crua'!$A$2:$B$10000, 2, FALSE) -> 45728 | L18: =INT((DATE(2000, MONTH(K18), DAY(K18)) - DATE(2000, 3, 12)) / 15) + 1 -> 1
A19: f86 | B19: 2 | C19: f | D19: na | E19: 3 | F19: 86 | G19: a | H19: 6 | I19: 0.475 | J19: 0.182 | K19: =VLOOKUP(TRIM(A19 & ""), 'planilha crua'!$A$2:$B$10000, 2, FALSE) -> 45728 | L19: =INT((DATE(2000, MONTH(K19), DAY(K19)) - DATE(2000, 3, 12)) / 15) + 1 -> 1
A20: f86 | B20: 2 | C20: f | D20: na | E20: 3 | F20: 86 | G20: a | H20: 6 | I20: 0.475 | J20: 0.192 | K20: =VLOOKUP(TRIM(A20 & ""), 'planilha crua'!$A$2:$B$10000, 2, FALSE) -> 45728 | L20: =INT((DATE(2000, MONTH(K20), DAY(K20)) - DATE(2000, 3, 12)) / 15) + 1 -> 1
... A82: f133 | B82: 2 | C82: f | D82: na | E82: 1 | F82: 133 | G82: s | H82: 52 | I82: 0.473 | J82: 0.224 | K82: =VLOOKUP(TRIM(A82 & ""), 'planilha crua'!$A$2:$B$10000, 2, FALSE) -> 45756 | L82: =INT((DATE(2000, MONTH(K82), DAY(K82)) - DATE(2000, 3, 12)) / 15) + 1 -> 2

Sheet teiah12cq
A1: id | B1: coleta | C1: sexo | D1: posicao | E1: trilha | F1: idteia | G1: situacaoteia | H1: agreg | I1: cefafem | J1: cefamac | K1: data | L1: quinz
A2: f03 | B2: 1 | C2: f | D2: na | E2: 1 | F2: 3 | G2: a | H2: 1 | I2: 0.493 | J2: 0.177 | K2: =VLOOKUP(TRIM(A2 & ""), 'planilha crua'!$A$2:$B$10000, 2, FALSE) -> 45401 | L2: =INT((DATE(2000, MONTH(K2), DAY(K2)) - DATE(2000, 3, 12)) / 15) + 1 -> 3
A3: f19 | B3: 1 | C3: f | D3: na | E3: 3 | F3: 19 | G3: a | H3: 2 | I3: 0.559 | J3: 0.26 | K3: =VLOOKUP(TRIM(A3 & ""), 'planilha crua'!$A$2:$B$10000, 2, FALSE) -> 45401 | L3: =INT((DATE(2000, MONTH(K3), DAY(K3)) - DATE(2000, 3, 12)) / 15) + 1 -> 3
A4: f20 | B4: 1 | C4: f | D4: na | E4: 3 | F4: 20 | G4: a | H4: 2 | I4: 0.579 | J4: 0.145 | K4: =VLOOKUP(TRIM(A4 & ""), 'planilha crua'!$A$2:$B$10000, 2, FALSE) -> 45401 | L4: =INT((DATE(2000, MONTH(K4), DAY(K4)) - DATE(2000, 3, 12)) / 15) + 1 -> 3
A5: f30 | B5: 1 | C5: f | D5: na | E5: sede | F5: 30 | G5: a | H5: 3 | I5: 0.54 | J5: 0.182 | K5: =VLOOKUP(TRIM(A5 & ""), 'planilha crua'!$A$2:$B$10000, 2, FALSE) -> 45404 | L5: =INT((DATE(2000, MONTH(K5), DAY(K5)) - DATE(2000, 3, 12)) / 15) + 1 -> 3
A6: f45 | B6: 1 | C6: f | D6: na | E6: sede | F6: 45 | G6: a | H6: 4 | I6: 0.35 | J6: 0.171 | K6: =VLOOKUP(TRIM(A6 & ""), 'planilha crua'!$A$2:$B$10000, 2, FALSE) -> 45404 | L6: =INT((DATE(2000, MONTH(K6), DAY(K6)) - DATE(2000, 3, 12)) / 15) + 1 -> 3
A7: f46 | B7: 1 | C7: f | D7: na | E7: sede | F7: 46 | G7: a | H7: 4 | I7: 0.497 | J7: 0.167 | K7: =VLOOKUP(TRIM(A7 & ""), 'planilha crua'!$A$2:$B$10000, 2, FALSE) -> 45404 | L7: =INT((DATE(2000, MONTH(K7), DAY(K7)) - DATE(2000, 3, 12)) / 15) + 1 -> 3
A8: f61 | B8: 1 | C8: f | D8: na | E8: 5 | F8: 61 | G8: a | H8: 5 | I8: 0.52 | J8: 0.265 | K8: =VLOOKUP(TRIM(A8 & ""), 'planilha crua'!$A$2:$B$10000, 2, FALSE) -> 45412 | L8: =INT((DATE(2000, MONTH(K8), DAY(K8)) - DATE(2000, 3, 12)) / 15) + 1 -> 4
A9: f84 | B9: 2 | C9: f | D9: na | E9: 3 | F9: 84 | G9: a | H9: 6 | I9: 0.498 | J9: 0.207 | K9: =VLOOKUP(TRIM(A9 & ""), 'planilha crua'!$A$2:$B$10000, 2, FALSE) -> 45728 | L9: =INT((DATE(2000, MONTH(K9), DAY(K9)) - DATE(2000, 3, 12)) / 15) + 1 -> 1
A10: f85 | B10: 2 | C10: f | D10: na | E10: 3 | F10: 85 | G10: a | H10: 6 | I10: 0.545 | J10: 0.286 | K10: =VLOOKUP(TRIM(A10 & ""), 'planilha crua'!$A$2:$B$10000, 2, FALSE) -> 45728 | L10: =INT((DATE(2000, MONTH(K10), DAY(K10)) - DATE(2000, 3, 12)) / 15) + 1 -> 1
A11: f86 | B11: 2 | C11: f | D11: na | E11: 3 | F11: 86 | G11: a | H11: 6 | I11: 0.475 | J11: 0.2 | K11: =VLOOKUP(TRIM(A11 & ""), 'planilha crua'!$A$2:$B$10000, 2, FALSE) -> 45728 | L11: =INT((DATE(2000, MONTH(K11), DAY(K11)) - DATE(2000, 3, 12)) / 15) + 1 -> 1
A12: f88 | B12: 2 | C12: f | D12: na | E12: 3 | F12: 88 | G12: a | H12: 7 | I12: 0.384 | J12: 0.166 | K12: =VLOOKUP(TRIM(A12 & ""), 'planilha crua'!$A$2:$B$10000, 2, FALSE) -> 45728 | L12: =INT((DATE(2000, MONTH(K12), DAY(K12)) - DATE(2000, 3, 12)) / 15) + 1 -> 1
A13: f90 | B13: 2 | C13: f | D13: na | E13: 3 | F13: 90 | G13: a | H13: 7 | I13: 0.483 | J13: 0.267 | K13: =VLOOKUP(TRIM(A13 & ""), 'planilha crua'!$A$2:$B$10000, 2, FALSE) -> 45728 | L13: =INT((DATE(2000, MONTH(K13), DAY(K13)) - DATE(2000, 3, 12)) / 15) + 1 -> 1
A14: f92 | B14: 2 | C14: f | D14: na | E14: 6 | F14: 92 | G14: a | H14: 8 | I14: 0.584 | J14: 0.191 | K14: =VLOOKUP(TRIM(A14 & ""), 'planilha crua'!$A$2:$B$10000, 2, FALSE) -> 45728 | L14: =INT((DATE(2000, MONTH(K14), DAY(K14)) - DATE(2000, 3, 12)) / 15) + 1 -> 1
A15: f94 | B15: 2 | C15: f | D15: na | E15: 6 | F15: 94 | G15: a | H15: 8 | I15: 0.502 | J15: 0.213 | K15: =VLOOKUP(TRIM(A15 & ""), 'planilha crua'!$A$2:$B$10000, 2, FALSE) -> 45728 | L15: =INT((DATE(2000, MONTH(K15), DAY(K15)) - DATE(2000, 3, 12)) / 15) + 1 -> 1
A16: f95 | B16: 2 | C16: f | D16: na | E16: 1 | F16: 95 | G16: a | H16: 9 | I16: 0.571 | J16: 0.176 | K16: =VLOOKUP(TRIM(A16 & ""), 'planilha crua'!$A$2:$B$10000, 2, FALSE) -> 45741 | L16: =INT((DATE(2000, MONTH(K16), DAY(K16)) - DATE(2000, 3, 12)) / 15) + 1 -> 1
A17: f97 | B17: 2 | C17: f | D17: na | E17: 1 | F17: 97 | G17: a | H17: 9 | I17: 0.349 | J17: 0.184 | K17: =VLOOKUP(TRIM(A17 & ""), 'planilha crua'!$A$2:$B$10000, 2, FALSE) -> 45741 | L17: =INT((DATE(2000, MONTH(K17), DAY(K17)) - DATE(2000, 3, 12)) / 15) + 1 -> 1
A18: f98 | B18: 2 | C18: f | D18: na | E18: 1 | F18: 98 | G18: a | H18: 9 | I18: 0.333 | J18: 0.206 | K18: =VLOOKUP(TRIM(A18 & ""), 'planilha crua'!$A$2:$B$10000, 2, FALSE) -> 45741 | L18: =INT((DATE(2000, MONTH(K18), DAY(K18)) - DATE(2000, 3, 12)) / 15) + 1 -> 1
A19: f99 | B19: 2 | C19: f | D19: na | E19: 1 | F19: 99 | G19: a | H19: 9 | I19: 0.401 | J19: 0.216 | K19: =VLOOKUP(TRIM(A19 & ""), 'planilha crua'!$A$2:$B$10000, 2, FALSE) -> 45741 | L19: =INT((DATE(2000, MONTH(K19), DAY(K19)) - DATE(2000, 3, 12)) / 15) + 1 -> 1
... A60: f133 | B60: 2 | C60: f | D60: na | E60: 1 | F60: 133 | G60: s | H60: 52 | I60: 0.473 | J60: 0.224 | K60: =VLOOKUP(TRIM(A60 & ""), 'planilha crua'!$A$2:$B$10000, 2, FALSE) -> 45756 | L60: =INT((DATE(2000, MONTH(K60), DAY(K60)) - DATE(2000, 3, 12)) / 15) + 1 -> 2

Sheet teiah22q
A1: id | B1: coleta | C1: sexo | D1: posicao | E1: trilha | F1: idteia | G1: situacaoteia | H1: agreg | I1: cefalotorax | J1: nacomp | K1: acomp | L1: nacomp2 | M1: data | N1: quinz
A2: f01 | B2: 1 | C2: f | D2: na | E2: 1 | F2: 1 | G2: s | H2: 13 | I2: 0.593 | J2: 2 | K2: s | L2: =J2-1 -> 1 | M2: =VLOOKUP(TRIM(A2 & ""), 'planilha crua'!$A$2:$B$10000, 2, FALSE) -> 45401 | N2: =INT((DATE(2000, MONTH(M2), DAY(M2)) - DATE(2000, 3, 12)) / 15) + 1 -> 3
A3: f02 | B3: 1 | C3: f | D3: na | E3: 1 | F3: 2 | G3: s | H3: 14 | I3: 0.606 | J3: 1 | K3: n | L3: =J3-1 -> 0 | M3: =VLOOKUP(TRIM(A3 & ""), 'planilha crua'!$A$2:$B$10000, 2, FALSE) -> 45401 | N3: =INT((DATE(2000, MONTH(M3), DAY(M3)) - DATE(2000, 3, 12)) / 15) + 1 -> 3
A4: f03 | B4: 1 | C4: f | D4: na | E4: 1 | F4: 3 | G4: a | H4: 1 | I4: 0.493 | J4: 2 | K4: s | L4: =J4-1 -> 1 | M4: =VLOOKUP(TRIM(A4 & ""), 'planilha crua'!$A$2:$B$10000, 2, FALSE) -> 45401 | N4: =INT((DATE(2000, MONTH(M4), DAY(M4)) - DATE(2000, 3, 12)) / 15) + 1 -> 3
A5: f04 | B5: 1 | C5: f | D5: na | E5: 1 | F5: 4 | G5: a | H5: 1 | I5: 0.517 | J5: 1 | K5: n | L5: =J5-1 -> 0 | M5: =VLOOKUP(TRIM(A5 & ""), 'planilha crua'!$A$2:$B$10000, 2, FALSE) -> 45401 | N5: =INT((DATE(2000, MONTH(M5), DAY(M5)) - DATE(2000, 3, 12)) / 15) + 1 -> 3
A6: f05 | B6: 1 | C6: f | D6: na | E6: 1 | F6: 5 | G6: a | H6: 1 | I6: 0.65 | J6: 1 | K6: n | L6: =J6-1 -> 0 | M6: =VLOOKUP(TRIM(A6 & ""), 'planilha crua'!$A$2:$B$10000, 2, FALSE) -> 45401 | N6: =INT((DATE(2000, MONTH(M6), DAY(M6)) - DATE(2000, 3, 12)) / 15) + 1 -> 3
A7: f06 | B7: 1 | C7: f | D7: na | E7: 1 | F7: 6 | G7: a | H7: 1 | I7: 0.445 | J7: 1 | K7: n | L7: =J7-1 -> 0 | M7: =VLOOKUP(TRIM(A7 & ""), 'planilha crua'!$A$2:$B$10000, 2, FALSE) -> 45401 | N7: =INT((DATE(2000, MONTH(M7), DAY(M7)) - DATE(2000, 3, 12)) / 15) + 1 -> 3
A8: f07 | B8: 1 | C8: f | D8: na | E8: 1 | F8: 7 | G8: a | H8: 1 | I8: 0.589 | J8: 1 | K8: n | L8: =J8-1 -> 0 | M8: =VLOOKUP(TRIM(A8 & ""), 'planilha crua'!$A$2:$B$10000, 2, FALSE) -> 45401 | N8: =INT((DATE(2000, MONTH(M8), DAY(M8)) - DATE(2000, 3, 12)) / 15) + 1 -> 3
A9: f08 | B9: 1 | C9: f | D9: na | E9: 1 | F9: 8 | G9: a | H9: 1 | I9: 0.641 | J9: 1 | K9: n | L9: =J9-1 -> 0 | M9: =VLOOKUP(TRIM(A9 & ""), 'planilha crua'!$A$2:$B$10000, 2, FALSE) -> 45401 | N9: =INT((DATE(2000, MONTH(M9), DAY(M9)) - DATE(2000, 3, 12)) / 15) + 1 -> 3
A10: f09 | B10: 1 | C10: f | D10: na | E10: 1 | F10: 9 | G10: s | H10: 15 | I10: 0.495 | J10: 1 | K10: n | L10: =J10-1 -> 0 | M10: =VLOOKUP(TRIM(A10 & ""), 'planilha crua'!$A$2:$B$10000, 2, FALSE) -> 45401 | N10: =INT((DATE(2000, MONTH(M10), DAY(M10)) - DATE(2000, 3, 12)) / 15) + 1 -> 3
A11: f10 | B11: 1 | C11: f | D11: na | E11: 1 | F11: 10 | G11: s | H11: 16 | I11: 0.545 | J11: 2 | K11: s | L11: =J11-1 -> 1 | M11: =VLOOKUP(TRIM(A11 & ""), 'planilha crua'!$A$2:$B$10000, 2, FALSE) -> 45401 | N11: =INT((DATE(2000, MONTH(M11), DAY(M11)) - DATE(2000, 3, 12)) / 15) + 1 -> 3
A12: f11 | B12: 1 | C12: f | D12: na | E12: 1 | F12: 11 | G12: s | H12: 17 | I12: 0.607 | J12: 2 | K12: s | L12: =J12-1 -> 1 | M12: =VLOOKUP(TRIM(A12 & ""), 'planilha crua'!$A$2:$B$10000, 2, FALSE) -> 45401 | N12: =INT((DATE(2000, MONTH(M12), DAY(M12)) - DATE(2000, 3, 12)) / 15) + 1 -> 3
A13: f12 | B13: 1 | C13: f | D13: na | E13: 1 | F13: 12 | G13: s | H13: 18 | I13: 0.579 | J13: 2 | K13: s | L13: =J13-1 -> 1 | M13: =VLOOKUP(TRIM(A13 & ""), 'planilha crua'!$A$2:$B$10000, 2, FALSE) -> 45401 | N13: =INT((DATE(2000, MONTH(M13), DAY(M13)) - DATE(2000, 3, 12)) / 15) + 1 -> 3
... A30: f29 | B30: 1 | C30: f | D30: na | E30: 3 | F30: 29 | G30: a | H30: 2 | I30: 0.464 | J30: 1 | K30: n | L30: =J30-1 -> 0 | M30: =VLOOKUP(TRIM(A30 & ""), 'planilha crua'!$A$2:$B$10000, 2, FALSE) -> 45401 | N30: =INT((DATE(2000, MONTH(M30), DAY(M30)) - DATE(2000, 3, 12)) / 15) + 1 -> 3
A31: f30 | B31: 1 | C31: f | D31: na | E31: sede | F31: 30 | G31: a | H31: 3 | I31: 0.54 | J31: 2 | K31: s | L31: =J31-1 -> 1 | M31: =VLOOKUP(TRIM(A31 & ""), 'planilha crua'!$A$2:$B$10000, 2, FALSE) -> 45404 | N31: =INT((DATE(2000, MONTH(M31), DAY(M31)) - DATE(2000, 3, 12)) / 15) + 1 -> 3
A32: f31 | B32: 1 | C32: f | D32: na | E32: sede | F32: 31 | G32: a | H32: 3 | I32: 0.52 | J32: 1 | K32: n | L32: =J32-1 -> 0 | M32: =VLOOKUP(TRIM(A32 & ""), 'planilha crua'!$A$2:$B$10000, 2, FALSE) -> 45404 | N32: =INT((DATE(2000, MONTH(M32), DAY(M32)) - DATE(2000, 3, 12)) / 15) + 1 -> 3
A33: f32 | B33: 1 | C33: f | D33: na | E33: sede | F33: 32 | G33: a | H33: 3 | I33: 0.569 | J33: 1 | K33: n | L33: =J33-1 -> 0 | M33: =VLOOKUP(TRIM(A33 & ""), 'planilha crua'!$A$2:$B$10000, 2, FALSE) -> 45404 | N33: =INT((DATE(2000, MONTH(M33), DAY(M33)) - DATE(2000, 3, 12)) / 15) + 1 -> 3
A34: f33 | B34: 1 | C34: f | D34: na | E34: sede | F34: 33 | G34: a | H34: 3 | I34: 0.486 | J34: 1 | K34: n | L34: =J34-1 -> 0 | M34: =VLOOKUP(TRIM(A34 & ""), 'planilha crua'!$A$2:$B$10000, 2, FALSE) -> 45404 | N34: =INT((DATE(2000, MONTH(M34), DAY(M34)) - DATE(2000, 3, 12)) / 15) + 1 -> 3
A35: f34 | B35: 1 | C35: f | D35: na | E35: sede | F35: 34 | G35: a | H35: 3 | I35: 0.425 | J35: 1 | K35: n | L35: =J35-1 -> 0 | M35: =VLOOKUP(TRIM(A35 & ""), 'planilha crua'!$A$2:$B$10000, 2, FALSE) -> 45404 | N35: =INT((DATE(2000, MONTH(M35), DAY(M35)) - DATE(2000, 3, 12)) / 15) + 1 -> 3
A36: f35 | B36: 1 | C36: f | D36: na | E36: sede | F36: 35 | G36: a | H36: 3 | I36: 0.617 | J36: 1 | K36: n | L36: =J36-1 -> 0 | M36: =VLOOKUP(TRIM(A36 & ""), 'planilha crua'!$A$2:$B$10000, 2, FALSE) -> 45404 | N36: =INT((DATE(2000, MONTH(M36), DAY(M36)) - DATE(2000, 3, 12)) / 15) + 1 -> 3
A37: f36 | B37: 1 | C37: f | D37: na | E37: sede | F37: 36 | G37: a | H37: 3 | I37: 0.554 | J37: 1 | K37: n | L37: =J37-1 -> 0 | M37: =VLOOKUP(TRIM(A37 & ""), 'planilha crua'!$A$2:$B$10000, 2, FALSE) -> 45404 | N37: =INT((DATE(2000, MONTH(M37), DAY(M37)) - DATE(2000, 3, 12)) / 15) + 1 -> 3
A38: f37 | B38: 1 | C38: f | D38: na | E38: sede | F38: 37 | G38: a | H38: 3 | I38: 0.594 | J38: 1 | K38: n | L38: =J38-1 -> 0 | M38: =VLOOKUP(TRIM(A38 & ""), 'planilha crua'!$A$2:$B$10000, 2, FALSE) -> 45404 | N38: =INT((DATE(2000, MONTH(M38), DAY(M38)) - DATE(2000, 3, 12)) / 15) + 1 -> 3
A39: f38 | B39: 1 | C39: f | D39: na | E39: sede | F39: 38 | G39: a | H39: 3 | I39: 0.564 | J39: 1 | K39: n | L39: =J39-1 -> 0 | M39: =VLOOKUP(TRIM(A39 & ""), 'planilha crua'!$A$2:$B$10000, 2, FALSE) -> 45404 | N39: =INT((DATE(2000, MONTH(M39), DAY(M39)) - DATE(2000, 3, 12)) / 15) + 1 -> 3
A40: f39 | B40: 1 | C40: f | D40: na | E40: sede | F40: 39 | G40: a | H40: 3 | I40: 0.62 | J40: 1 | K40: n | L40: =J40-1 -> 0 | M40: =VLOOKUP(TRIM(A40 & ""), 'planilha crua'!$A$2:$B$10000, 2, FALSE) -> 45404 | N40: =INT((DATE(2000, MONTH(M40), DAY(M40)) - DATE(2000, 3, 12)) / 15) + 1 -> 3
A41: f40 | B41: 1 | C41: f | D41: na | E41: sede | F41: 40 | G41: a | H41: 3 | I41: 0.476 | J41: 1 | K41: n | L41: =J41-1 -> 0 | M41: =VLOOKUP(TRIM(A41 & ""), 'planilha crua'!$A$2:$B$10000, 2, FALSE) -> 45404 | N41: =INT((DATE(2000, MONTH(M41), DAY(M41)) - DATE(2000, 3, 12)) / 15) + 1 -> 3
A42: f41 | B42: 1 | C42: f | D42: na | E42: sede | F42: 41 | G42: a | H42: 3 | I42: 0.557 | J42: 1 | K42: n | L42: =J42-1 -> 0 | M42: =VLOOKUP(TRIM(A42 & ""), 'planilha crua'!$A$2:$B$10000, 2, FALSE) -> 45404 | N42: =INT((DATE(2000, MONTH(M42), DAY(M42)) - DATE(2000, 3, 12)) / 15) + 1 -> 3
... A49: f48 | B49: 1 | C49: f | D49: na | E49: sede | F49: 48 | G49: a | H49: 4 | I49: 0.543 | J49: 1 | K49: n | L49: =J49-1 -> 0 | M49: =VLOOKUP(TRIM(A49 & ""), 'planilha crua'!$A$2:$B$10000, 2, FALSE) -> 45404 | N49: =INT((DATE(2000, MONTH(M49), DAY(M49)) - DATE(2000, 3, 12)) / 15) + 1 -> 3
A50: f49 | B50: 1 | C50: f | D50: na | E50: 1 | F50: 49 | G50: s | H50: 23 | I50: 0.63 | J50: 1 | K50: n | L50: =J50-1 -> 0 | M50: =VLOOKUP(TRIM(A50 & ""), 'planilha crua'!$A$2:$B$10000, 2, FALSE) -> 45407 | N50: =INT((DATE(2000, MONTH(M50), DAY(M50)) - DATE(2000, 3, 12)) / 15) + 1 -> 3
A51: f50 | B51: 1 | C51: f | D51: na | E51: 1 | F51: 50 | G51: s | H51: 24 | I51: 0.469 | J51: 1 | K51: n | L51: =J51-1 -> 0 | M51: =VLOOKUP(TRIM(A51 & ""), 'planilha crua'!$A$2:$B$10000, 2, FALSE) -> 45407 | N51: =INT((DATE(2000, MONTH(M51), DAY(M51)) - DATE(2000, 3, 12)) / 15) + 1 -> 3
A52: f51 | B52: 1 | C52: f | D52: na | E52: 4 | F52: 51 | G52: s | H52: 25 | I52: 0.453 | J52: 2 | K52: s | L52: =J52-1 -> 1 | M52: =VLOOKUP(TRIM(A52 & ""), 'planilha crua'!$A$2:$B$10000, 2, FALSE) -> 45407 | N52: =INT((DATE(2000, MONTH(M52), DAY(M52)) - DATE(2000, 3, 12)) / 15) + 1 -> 3
A53: f52 | B53: 1 | C53: f | D53: na | E53: 4 | F53: 52 | G53: s | H53: 26 | I53: 0.599 | J53: 2 | K53: s | L53: =J53-1 -> 1 | M53: =VLOOKUP(TRIM(A53 & ""), 'planilha crua'!$A$2:$B$10000, 2, FALSE) -> 45407 | N53: =INT((DATE(2000, MONTH(M53), DAY(M53)) - DATE(2000, 3, 12)) / 15) + 1 -> 3
A54: f53 | B54: 1 | C54: f | D54: na | E54: 4 | F54: 53 | G54: s | H54: 27 | I54: 0.458 | J54: 1 | K54: n | L54: =J54-1 -> 0 | M54: =VLOOKUP(TRIM(A54 & ""), 'planilha crua'!$A$2:$B$10000, 2, FALSE) -> 45407 | N54: =INT((DATE(2000, MONTH(M54), DAY(M54)) - DATE(2000, 3, 12)) / 15) + 1 -> 3
A55: f54 | B55: 1 | C55: f | D55: na | E55: 4 | F55: 54 | G55: s | H55: 28 | I55: 0.519 | J55: 2 | K55: s | L55: =J55-1 -> 1 | M55: =VLOOKUP(TRIM(A55 & ""), 'planilha crua'!$A$2:$B$10000, 2, FALSE) -> 45407 | N55: =INT((DATE(2000, MONTH(M55), DAY(M55)) - DATE(2000, 3, 12)) / 15) + 1 -> 3
A56: f55 | B56: 1 | C56: f | D56: na | E56: 3 | F56: 55 | G56: s | H56: 29 | I56: 0.562 | J56: 2 | K56: s | L56: =J56-1 -> 1 | M56: =VLOOKUP(TRIM(A56 & ""), 'planilha crua'!$A$2:$B$10000, 2, FALSE) -> 45407 | N56: =INT((DATE(2000, MONTH(M56), DAY(M56)) - DATE(2000, 3, 12)) / 15) + 1 -> 3
A57: f56 | B57: 1 | C57: f | D57: na | E57: 3 | F57: 56 | G57: s | H57: 30 | I57: 0.561 | J57: 2 | K57: s | L57: =J57-1 -> 1 | M57: =VLOOKUP(TRIM(A57 & ""), 'planilha crua'!$A$2:$B$10000, 2, FALSE) -> 45407 | N57: =INT((DATE(2000, MONTH(M57), DAY(M57)) - DATE(2000, 3, 12)) / 15) + 1 -> 3
A58: f57 | B58: 1 | C58: f | D58: na | E58: 3 | F58: 57 | G58: s | H58: 31 | I58: 0.482 | J58: 2 | K58: s | L58: =J58-1 -> 1 | M58: =VLOOKUP(TRIM(A58 & ""), 'planilha crua'!$A$2:$B$10000, 2, FALSE) -> 45407 | N58: =INT((DATE(2000, MONTH(M58), DAY(M58)) - DATE(2000, 3, 12)) / 15) + 1 -> 3
A59: f58 | B59: 1 | C59: f | D59: na | E59: 3 | F59: 58 | G59: s | H59: 32 | I59: 0.526 | J59: 2 | K59: s | L59: =J59-1 -> 1 | M59: =VLOOKUP(TRIM(A59 & ""), 'planilha crua'!$A$2:$B$10000, 2, FALSE) -> 45407 | N59: =INT((DATE(2000, MONTH(M59), DAY(M59)) - DATE(2000, 3, 12)) / 15) + 1 -> 3
A60: f60 | B60: 1 | C60: f | D60: na | E60: 3 | F60: 60 | G60: s | H60: 33 | I60: 0.589 | J60: 1 | K60: n | L60: =J60-1 -> 0 | M60: =VLOOKUP(TRIM(A60 & ""), 'planilha crua'!$A$2:$B$10000, 2, FALSE) -> 45407 | N60: =INT((DATE(2000, MONTH(M60), DAY(M60)) - DATE(2000, 3, 12)) / 15) + 1 -> 3
A61: f61 | B61: 1 | C61: f | D61: na | E61: 5 | F61: 61 | G61: a | H61: 5 | I61: 0.52 | J61: 2 | K61: s | L61: =J61-1 -> 1 | M61: =VLOOKUP(TRIM(A61 & ""), 'planilha crua'!$A$2:$B$10000, 2, FALSE) -> 45412 | N61: =INT((DATE(2000, MONTH(M61), DAY(M61)) - DATE(2000, 3, 12)) / 15) + 1 -> 4
... A65: f65 | B65: 1 | C65: f | D65: na | E65: 5 | F65: 65 | G65: a | H65: 5 | I65: 0.475 | J65: 1 | K65: n | L65: =J65-1 -> 0 | M65: =VLOOKUP(TRIM(A65 & ""), 'planilha crua'!$A$2:$B$10000, 2, FALSE) -> 45412 | N65: =INT((DATE(2000, MONTH(M65), DAY(M65)) - DATE(2000, 3, 12)) / 15) + 1 -> 4
A66: f66 | B66: 1 | C66: f | D66: na | E66: sede | F66: 66 | G66: s | H66: 34 | I66: 0.519 | J66: 1 | K66: n | L66: =J66-1 -> 0 | M66: =VLOOKUP(TRIM(A66 & ""), 'planilha crua'!$A$2:$B$10000, 2, FALSE) -> 45414 | N66: =INT((DATE(2000, MONTH(M66), DAY(M66)) - DATE(2000, 3, 12)) / 15) + 1 -> 4
A67: f67 | B67: 1 | C67: f | D67: na | E67: sede | F67: 67 | G67: s | H67: 35 | I67: 0.563 | J67: 1 | K67: n | L67: =J67-1 -> 0 | M67: =VLOOKUP(TRIM(A67 & ""), 'planilha crua'!$A$2:$B$10000, 2, FALSE) -> 45414 | N67: =INT((DATE(2000, MONTH(M67), DAY(M67)) - DATE(2000, 3, 12)) / 15) + 1 -> 4
A68: f68 | B68: 1 | C68: f | D68: na | E68: 6 | F68: 68 | G68: s | H68: 36 | I68: 0.456 | J68: 1 | K68: n | L68: =J68-1 -> 0 | M68: =VLOOKUP(TRIM(A68 & ""), 'planilha crua'!$A$2:$B$10000, 2, FALSE) -> 45414 | N68: =INT((DATE(2000, MONTH(M68), DAY(M68)) - DATE(2000, 3, 12)) / 15) + 1 -> 4
A69: f69 | B69: 1 | C69: f | D69: na | E69: 6 | F69: 69 | G69: s | H69: 37 | I69: 0.504 | J69: 1 | K69: n | L69: =J69-1 -> 0 | M69: =VLOOKUP(TRIM(A69 & ""), 'planilha crua'!$A$2:$B$10000, 2, FALSE) -> 45414 | N69: =INT((DATE(2000, MONTH(M69), DAY(M69)) - DATE(2000, 3, 12)) / 15) + 1 -> 4
A70: f70 | B70: 1 | C70: f | D70: na | E70: 6 | F70: 70 | G70: s | H70: 38 | I70: 0.449 | J70: 1 | K70: n | L70: =J70-1 -> 0 | M70: =VLOOKUP(TRIM(A70 & ""), 'planilha crua'!$A$2:$B$10000, 2, FALSE) -> 45414 | N70: =INT((DATE(2000, MONTH(M70), DAY(M70)) - DATE(2000, 3, 12)) / 15) + 1 -> 4
A71: f71 | B71: 1 | C71: f | D71: na | E71: 6 | F71: 71 | G71: s | H71: 39 | I71: 0.493 | J71: 1 | K71: n | L71: =J71-1 -> 0 | M71: =VLOOKUP(TRIM(A71 & ""), 'planilha crua'!$A$2:$B$10000, 2, FALSE) -> 45414 | N71: =INT((DATE(2000, MONTH(M71), DAY(M71)) - DATE(2000, 3, 12)) / 15) + 1 -> 4
A72: f72 | B72: 1 | C72: f | D72: na | E72: 6 | F72: 72 | G72: s | H72: 40 | I72: 0.572 | J72: 1 | K72: n | L72: =J72-1 -> 0 | M72: =VLOOKUP(TRIM(A72 & ""), 'planilha crua'!$A$2:$B$10000, 2, FALSE) -> 45414 | N72: =INT((DATE(2000, MONTH(M72), DAY(M72)) - DATE(2000, 3, 12)) / 15) + 1 -> 4
A73: f73 | B73: 1 | C73: f | D73: na | E73: 3 | F73: 73 | G73: s | H73: 41 | I73: 0.522 | J73: 1 | K73: n | L73: =J73-1 -> 0 | M73: =VLOOKUP(TRIM(A73 & ""), 'planilha crua'!$A$2:$B$10000, 2, FALSE) -> 45414 | N73: =INT((DATE(2000, MONTH(M73), DAY(M73)) - DATE(2000, 3, 12)) / 15) + 1 -> 4
A74: f74 | B74: 1 | C74: f | D74: na | E74: sede | F74: 74 | G74: s | H74: 42 | I74: 0.47 | J74: 1 | K74: n | L74: =J74-1 -> 0 | M74: =VLOOKUP(TRIM(A74 & ""), 'planilha crua'!$A$2:$B$10000, 2, FALSE) -> 45414 | N74: =INT((DATE(2000, MONTH(M74), DAY(M74)) - DATE(2000, 3, 12)) / 15) + 1 -> 4
A75: f75 | B75: 1 | C75: f | D75: na | E75: sede | F75: 75 | G75: s | H75: 43 | I75: 0.493 | J75: 1 | K75: n | L75: =J75-1 -> 0 | M75: =VLOOKUP(TRIM(A75 & ""), 'planilha crua'!$A$2:$B$10000, 2, FALSE) -> 45414 | N75: =INT((DATE(2000, MONTH(M75), DAY(M75)) - DATE(2000, 3, 12)) / 15) + 1 -> 4
A76: f76 | B76: 1 | C76: f | D76: na | E76: 1 | F76: 76 | G76: s | H76: 44 | I76: 0.575 | J76: 1 | K76: n | L76: =J76-1 -> 0 | M76: =VLOOKUP(TRIM(A76 & ""), 'planilha crua'!$A$2:$B$10000, 2, FALSE) -> 45407 | N76: =INT((DATE(2000, MONTH(M76), DAY(M76)) - DATE(2000, 3, 12)) / 15) + 1 -> 3
A77: f77 | B77: 2 | C77: f | D77: na | E77: 1 | F77: 77 | G77: s | H77: 45 | I77: 0.45 | J77: 3 | K77: s | L77: =J77-1 -> 2 | M77: =VLOOKUP(TRIM(A77 & ""), 'planilha crua'!$A$2:$B$10000, 2, FALSE) -> 45728 | N77: =INT((DATE(2000, MONTH(M77), DAY(M77)) - DATE(2000, 3, 12)) / 15) + 1 -> 1
A78: f78 | B78: 2 | C78: f | D78: na | E78: 1 | F78: 78 | G78: s | H78: 46 | I78: 0.442 | J78: 2 | K78: s | L78: =J78-1 -> 1 | M78: =VLOOKUP(TRIM(A78 & ""), 'planilha crua'!$A$2:$B$10000, 2, FALSE) -> 45728 | N78: =INT((DATE(2000, MONTH(M78), DAY(M78)) - DATE(2000, 3, 12)) / 15) + 1 -> 1
A79: f79 | B79: 2 | C79: f | D79: na | E79: 1 | F79: 79 | G79: s | H79: 47 | I79: 0.445 | J79: 3 | K79: s | L79: =J79-1 -> 2 | M79: =VLOOKUP(TRIM(A79 & ""), 'planilha crua'!$A$2:$B$10000, 2, FALSE) -> 45728 | N79: =INT((DATE(2000, MONTH(M79), DAY(M79)) - DATE(2000, 3, 12)) / 15) + 1 -> 1
A80: f80 | B80: 2 | C80: f | D80: na | E80: 3 | F80: 80 | G80: a | H80: 6 | I80: 0.296 | J80: 1 | K80: n | L80: =J80-1 -> 0 | M80: =VLOOKUP(TRIM(A80 & ""), 'planilha crua'!$A$2:$B$10000, 2, FALSE) -> 45728 | N80: =INT((DATE(2000, MONTH(M80), DAY(M80)) - DATE(2000, 3, 12)) / 15) + 1 -> 1
A81: f81 | B81: 2 | C81: f | D81: na | E81: 3 | F81: 81 | G81: a | H81: 6 | I81: 0.368 | J81: 1 | K81: n | L81: =J81-1 -> 0 | M81: =VLOOKUP(TRIM(A81 & ""), 'planilha crua'!$A$2:$B$10000, 2, FALSE) -> 45728 | N81: =INT((DATE(2000, MONTH(M81), DAY(M81)) - DATE(2000, 3, 12)) / 15) + 1 -> 1
A82: f82 | B82: 2 | C82: f | D82: na | E82: 3 | F82: 82 | G82: a | H82: 6 | I82: 0.436 | J82: 1 | K82: n | L82: =J82-1 -> 0 | M82: =VLOOKUP(TRIM(A82 & ""), 'planilha crua'!$A$2:$B$10000, 2, FALSE) -> 45728 | N82: =INT((DATE(2000, MONTH(M82), DAY(M82)) - DATE(2000, 3, 12)) / 15) + 1 -> 1
A83: f83 | B83: 2 | C83: f | D83: na | E83: 3 | F83: 83 | G83: a | H83: 6 | I83: 0.301 | J83: 1 | K83: n | L83: =J83-1 -> 0 | M83: =VLOOKUP(TRIM(A83 & ""), 'planilha crua'!$A$2:$B$10000, 2, FALSE) -> 45728 | N83: =INT((DATE(2000, MONTH(M83), DAY(M83)) - DATE(2000, 3, 12)) / 15) + 1 -> 1
A84: f84 | B84: 2 | C84: f | D84: na | E84: 3 | F84: 84 | G84: a | H84: 6 | I84: 0.498 | J84: 2 | K84: s | L84: =J84-1 -> 1 | M84: =VLOOKUP(TRIM(A84 & ""), 'planilha crua'!$A$2:$B$10000, 2, FALSE) -> 45728 | N84: =INT((DATE(2000, MONTH(M84), DAY(M84)) - DATE(2000, 3, 12)) / 15) + 1 -> 1
A85: f85 | B85: 2 | C85: f | D85: na | E85: 3 | F85: 85 | G85: a | H85: 6 | I85: 0.545 | J85: 3 | K85: s | L85: =J85-1 -> 2 | M85: =VLOOKUP(TRIM(A85 & ""), 'planilha crua'!$A$2:$B$10000, 2, FALSE) -> 45728 | N85: =INT((DATE(2000, MONTH(M85), DAY(M85)) - DATE(2000, 3, 12)) / 15) + 1 -> 1
A86: f86 | B86: 2 | C86: f | D86: na | E86: 3 | F86: 86 | G86: a | H86: 6 | I86: 0.475 | J86: 9 | K86: s | L86: =J86-1 -> 8 | M86: =VLOOKUP(TRIM(A86 & ""), 'planilha crua'!$A$2:$B$10000, 2, FALSE) -> 45728 | N86: =INT((DATE(2000, MONTH(M86), DAY(M86)) - DATE(2000, 3, 12)) / 15) + 1 -> 1
A87: f87 | B87: 2 | C87: f | D87: na | E87: 3 | F87: 87 | G87: a | H87: 6 | I87: 0.512 | J87: 1 | K87: n | L87: =J87-1 -> 0 | M87: =VLOOKUP(TRIM(A87 & ""), 'planilha crua'!$A$2:$B$10000, 2, FALSE) -> 45728 | N87: =INT((DATE(2000, MONTH(M87), DAY(M87)) - DATE(2000, 3, 12)) / 15) + 1 -> 1
... A133: f136 | B133: 2 | C133: f | D133: na | E133: 5 | F133: 136 | G133: a | H133: 12 | I133: 0.473 | J133: 1 | K133: n | L133: =J133-1 -> 0 | M133: =VLOOKUP(TRIM(A133 & ""), 'planilha crua'!$A$2:$B$10000, 2, FALSE) -> 45775 | N133: =INT((DATE(2000, MONTH(M133), DAY(M133)) - DATE(2000, 3, 12)) / 15) + 1 -> 4
